Total de compras,Frecuencia de compras,Categor√≠a favorita,Valor promedio de compra,Tiempo en el sitio
12,12,3,285.4458747368937,11.063606914574269
6,1,5,172.30393223605813,12.292336268039652
11,8,9,229.6250575299588,28.10773917631395
14,12,6,319.36779833210187,10.759665984647235
7,10,9,343.827346162029,12.231097570491704
8,12,8,119.26377940230726,14.233853252235807
9,11,8,489.66425444532916,21.593568465634675
11,6,1,295.147502142255,7.955959811803513
8,5,9,111.05974300652568,28.8486303123444
10,10,6,452.13586400576014,26.63928050236911
7,11,9,83.58729398574296,19.430401825223754
11,14,3,458.4809449298807,21.850946685623917
11,9,3,498.4545453300421,5.4165117811054
8,2,6,365.19430962042674,13.473619383711217
12,5,9,396.7012494832954,24.89150576653605
6,6,7,201.78627641036886,6.9370743448096475
7,7,3,473.7095837302702,12.057845855268006
8,5,3,288.37128474876545,19.632420708357785
10,9,2,379.5748009688997,11.410325692473545
5,1,9,465.84847216007574,28.34944935361298
3,7,3,488.8309891889787,8.27646577010726
9,10,5,424.94196046850345,24.934858947694465
13,7,9,186.3578781419135,17.698717297660206
8,4,8,484.9463824484371,23.7582693954989
6,9,2,332.6537890596073,12.767883207786186
13,14,3,468.78911435838194,17.862240057800967
12,12,2,354.24726161645833,26.420883743079408
13,11,8,188.2575328314742,16.67195247807761
9,5,6,216.51103586426717,13.992996547756741
14,4,6,297.7122996963232,18.403884656318404
8,13,9,405.5066787019469,22.934068825909172
8,7,8,193.09214810315072,16.08908363746257
12,4,4,310.8790247603864,28.471924378556825
15,3,4,205.5312471093807,12.373645601058552
13,9,9,417.09623208579825,16.88659015422801
13,11,1,260.0276421955777,23.923191483536037
10,8,2,84.52527208379836,22.228027262393955
8,1,2,124.72363466669137,26.591026310428905
15,7,6,77.49710042883453,29.92022951702772
9,9,4,274.6863257064464,15.67145821987724
7,8,3,97.85178380670223,7.778771994582796
8,8,3,101.36298618933445,5.7603970201992
13,13,3,473.47171701726967,23.171922653494292
15,6,6,442.69478247922495,26.85034178271789
8,11,8,253.4389685651147,10.517814648610468
7,4,7,493.6123943825926,8.96120092974765
9,8,4,50.0839376767984,6.555127288142275
6,3,4,326.2907553230272,25.56757304293016
16,13,2,327.3926798173415,12.784548497314608
10,9,1,255.84937514144968,15.042422318994412
18,13,9,228.62658782043178,17.568754790240305
10,2,2,254.92241096627342,25.98633085523877
8,2,8,236.7321962358562,21.270830539037124
11,12,9,378.7216148670347,20.37661574644528
3,13,4,110.90994573797784,9.391802498897768
15,12,8,138.93764926600858,17.829747292745743
6,7,9,131.23320277659062,22.88452542946638
7,12,5,168.11176330456902,29.331522075762294
9,10,7,286.3662884517125,10.035157730333806
11,4,4,100.04393630219843,5.238583826680666
8,10,1,440.67618289692683,6.882535839961744
12,8,3,183.81268908881253,14.39631162954948
10,9,5,123.14209436091853,25.51361619364968
11,7,3,354.0295893192095,5.178552044206127
12,5,7,67.13883526969367,16.418264822146007
16,8,9,328.9858541933739,13.230765383534862
8,4,6,364.1892938044249,6.3120427524931895
7,2,1,146.71243912402363,16.255907166815433
13,11,7,68.88383304963543,11.368717683417971
10,12,3,213.64041151375233,13.79712085867516
15,6,5,94.36740360887141,22.640382619607326
8,9,4,102.41503235300169,18.03877459777418
11,1,5,164.41755415018906,8.116185724820333
11,11,5,182.96056608204168,29.035363510590976
5,10,6,288.48665345963923,20.89776914274346
10,12,6,355.2763484763559,24.14671064156329
11,7,8,316.74692339158315,6.980328750209271
12,10,8,116.76215178028257,6.176459486500472
8,9,9,127.4387146036819,5.486201259202029
11,10,8,445.44616240681154,9.719850694336111
11,9,2,301.25854177885117,15.360209942962378
5,10,1,441.47202480396004,28.39565333507057
8,11,2,217.19593009394347,16.42649148164441
13,13,2,326.48000334409573,12.256377634313235
11,3,3,285.64853722457485,19.048381337991586
7,11,7,193.60557041920816,7.7983644533697305
8,13,2,261.4619174151179,20.23764727512458
11,5,1,276.1208945721194,19.210798858262585
15,8,6,140.34693864050536,24.79982583514274
8,8,9,191.7546675695292,29.6671902904256
14,4,3,406.134387728139,11.271836792902763
6,12,6,462.1047077543572,17.741411270094016
16,11,3,211.90734209538476,27.72163515797509
11,11,1,188.1375269940582,24.62974711057103
6,1,5,137.83872405734712,17.18515757752019
14,1,4,355.32102589276155,28.634291240369446
12,4,7,195.3948657498518,6.430917337920235
9,6,6,494.4872925946348,28.2749654928146
10,8,7,196.55816092877896,6.262684809570164
13,6,5,227.36122105218266,18.68261860286711
15,12,4,321.50038829541563,27.261023700027145
9,9,7,410.75793193608723,11.56802358903257
11,9,7,261.2833994055352,16.806212473628964
10,14,6,240.19521520503125,13.108221978424165
8,2,8,498.03702511766375,28.803597926908786
1,10,4,54.722138512975,25.59113986882727
13,1,5,452.7793799830606,22.72503778315949
6,2,4,117.11337167288184,19.690674665377717
13,5,1,403.666374294011,25.514794733103702
11,4,8,328.0692019308341,14.806676038088677
10,4,1,203.83127847414144,16.18879637765155
10,9,5,443.24372998445824,23.250043027021537
13,11,6,55.80825259144639,13.943869082342855
9,8,6,152.01079343371566,6.5975235512093455
9,6,5,305.1017583122912,6.858365222151787
6,1,3,208.1940170223641,7.8840700326425965
10,2,5,324.66987289324743,26.74203308359157
12,6,8,60.84958703390007,16.805660643905107
17,11,2,102.40651871677063,22.82205923361841
10,2,6,107.19330809829765,14.822733390122332
9,13,9,135.17764066220423,11.467773685390863
9,10,8,256.69914836024424,13.679804189055298
3,5,8,388.45791479460706,24.85455863292959
10,14,8,457.4924770680055,20.630403125785953
10,5,7,425.9176386279107,28.44099449894755
6,6,8,138.5995422990576,21.992619464420848
9,6,6,248.51774850378456,19.25454079386735
11,14,2,139.73521899134076,20.254900224645862
9,6,2,169.01231750023584,28.559285986710364
10,14,8,276.59614168034875,24.70502324666765
11,2,1,80.64906112558515,5.601030934160946
16,14,6,148.17844831697295,18.35349240339243
9,10,6,470.9201725882028,22.20846028866412
10,14,4,259.75233169632,23.717461960978877
16,13,3,250.4239366900425,10.328552982848418
7,14,3,56.555219638075506,26.679433861283805
5,3,1,161.3298861762556,28.896078679379094
5,14,3,439.8315961919816,10.917882646121743
4,6,4,124.08279271640093,27.065386437931146
14,13,5,236.80622279062447,7.424469062902385
13,8,3,56.448907640150566,6.39267090288113
8,12,6,265.2509667517501,8.230595002568734
12,13,5,59.45949802679772,6.4435269866759
9,11,3,418.82429887960996,26.1253059288944
14,12,6,421.18419536919663,6.476253611456799
12,1,6,404.4839847360664,11.791604784091387
10,1,8,177.5138310010032,7.59390858839641
9,11,2,426.7567481998181,12.385550907844124
15,13,1,294.3491596723712,7.263986690023012
17,2,4,218.21364899015109,21.70008126857535
11,11,7,331.39848186690483,8.333170408564378
8,12,3,55.5534707271683,26.296148145972197
5,12,3,114.33239492033847,25.429776268166027
9,6,5,384.0320921766183,5.341542136765235
8,9,5,159.87272392226885,27.393158887877863
6,4,3,319.10410279793734,5.723607918584176
11,3,9,223.29617127036335,10.991144623938915
5,12,4,434.66260045966766,5.809728444399877
12,8,3,478.5868876984896,13.396087175982899
9,11,2,447.6041277665857,17.84666314283179
9,10,9,171.77899761211847,24.916121725378453
13,14,4,137.37329107073703,13.449538761745904
9,9,3,263.49570212933077,22.637250616827917
5,12,7,53.30036787628112,9.68761142797451
3,11,8,61.61422678843178,23.76496141860316
12,5,2,298.98078783035004,10.899915147730939
18,9,7,284.20223187437864,8.588618898594198
8,2,5,497.56189506586696,9.635221259351358
11,3,5,140.82882591369116,9.551578222046384
9,7,3,166.1467681222108,17.82157198442478
3,7,5,101.093289046829,26.11993952970365
10,6,2,462.8943543441851,6.990126924812641
8,6,4,400.0150600063028,22.673907962335566
10,2,6,420.05260015558133,21.358661491321442
11,10,1,456.24370458402893,26.81299879573406
12,6,4,286.2049940266272,11.103689012672682
8,4,6,253.03693615282566,16.25274646712574
12,12,9,198.6761631495274,28.145684361087934
11,3,2,315.14657645653494,21.49983625338293
3,13,7,254.42527855542014,14.719210321539922
9,11,6,253.2045139725088,8.285309571381712
11,13,2,471.6175386790125,11.562125197514776
14,2,8,492.8141814256086,19.53038693723458
9,1,7,408.41797519831135,22.95419868901284
14,11,5,390.5411406111177,8.110547171297338
9,11,5,356.25117280059567,19.98993150110135
17,5,7,124.73368355008117,18.758781970968776
7,2,9,76.59761939404453,17.8488861672677
11,2,9,360.8268418009684,22.253077942050197
10,7,9,377.9538000154592,25.936239877086546
10,8,6,71.13784599416292,13.074742079421709
10,13,6,467.62328760298163,27.225304752773987
14,10,3,91.0132877501049,9.015840315463766
6,8,1,178.65524019704108,9.325596743779109
13,14,7,352.575415759417,11.669301590598097
12,4,4,126.44266748201434,7.9882717386769455
6,14,1,74.93714979901,10.75798061707194
8,1,8,199.0159201238674,7.660294072571115
9,11,6,394.6872086848306,25.54381042463476
15,7,6,236.15540554336715,8.474224797165615
10,1,2,343.8378148585727,23.68243893899642
9,11,1,310.8285937526615,6.197846697833343
10,4,2,59.99831691151118,28.71300818784788
10,8,4,494.842994170568,22.779002188194156
11,2,2,68.6426399687245,5.169913714652795
4,6,1,485.51123194181827,24.09641250500535
6,13,7,297.4388802639792,17.852048019154633
6,6,8,483.42156217927993,24.484129258377994
7,12,6,101.63911973622595,18.062420222264713
15,9,4,270.68383363348096,21.025621440883867
12,5,6,126.27684133972639,24.658291384876012
7,10,3,72.93869466009909,15.127701364696417
6,4,8,327.8881017780402,5.067703745511302
6,5,2,143.50253943276115,26.248662398629712
6,12,5,314.46365822939566,14.522259065616565
7,12,1,100.56401687704354,17.401068150414577
10,10,6,199.39391214471624,5.194166053849218
11,11,2,401.7346511239612,17.30230025875245
4,5,4,246.67318482898443,29.662185039293238
7,8,6,332.4854367038014,11.956691520469242
9,10,8,341.3560733354957,14.885456756059451
11,12,8,429.68976979428214,22.179749911716915
10,8,6,196.2152574829886,25.369841688091466
10,2,4,359.2830031621329,15.434790600152507
5,7,8,482.72711317077454,12.741721760032313
10,8,8,378.6095004610406,28.445644999626676
8,11,1,270.4417145229851,21.92862416679173
7,6,4,333.82285002136814,7.975532612328527
6,5,4,382.85730399339866,6.723196953366216
11,11,7,325.52409456224257,17.088746269759227
13,9,7,57.50411607042762,10.502251651181812
5,13,8,137.64807395925163,11.349618834406337
11,3,5,414.71069774695974,26.942304470696207
9,12,7,172.69279129061812,7.239150607907767
8,13,8,379.20295380251025,22.884102880722242
11,13,9,217.45409685876442,11.7785563345147
11,10,3,284.8479476710744,24.008205535103443
5,4,3,80.58798491873166,23.060284611588614
7,9,4,131.5515024723693,5.184797536107325
7,6,5,480.73863358365554,17.72838532303998
5,8,1,450.5621240511113,8.482987059451158
13,7,7,343.52379990457257,26.65567576446692
6,11,9,256.8400688235818,26.789647071560164
16,2,8,354.0925818028507,15.45864518734395
11,3,5,328.3746300922725,16.10989046127701
13,1,4,305.84851502207545,12.582073485113177
8,9,7,76.62968233859382,22.915157474000775
10,13,5,334.7611747976781,13.966534075661478
8,7,7,396.0140200570258,11.694811863065844
6,1,1,497.336744590509,15.805776487612706
10,3,1,54.985348667439354,7.287187959686468
8,4,3,378.57805398980446,23.665080116105095
8,4,2,307.3051921711912,5.314910031794674
7,5,2,245.3234792364305,21.11212653801485
13,14,7,107.40657855711689,9.57161316887181
10,3,2,234.0883168856943,10.810101155360329
6,3,4,209.46973234376088,20.890799966000998
16,1,2,186.273450040434,29.82358664457268
6,7,6,378.89583049499345,24.44293722681377
7,11,8,365.32648457791873,10.6459908055848
12,10,4,315.0590409414102,9.400618876028345
9,14,5,472.3991659820175,26.655821756691758
9,1,4,207.4344728813845,16.104598698037606
9,2,3,159.7108719695808,8.426320070703888
10,13,5,345.1564908942798,26.55528558304845
12,4,9,139.46632742183132,25.402308822856536
9,13,8,191.75472823254108,29.59765909742909
15,4,8,151.07109803369818,27.7435921678171
11,5,8,81.11910547332556,26.294758466513542
6,11,8,422.37443373605305,6.314359945275079
11,2,7,164.54324431474754,7.6103842374529505
6,4,8,262.8623765043593,19.224579857603068
7,1,8,69.49187296444038,18.286981157045524
8,2,8,364.7027598136894,16.449080362238387
6,1,7,198.75245103783087,14.919733135364606
13,10,1,385.1315275231445,15.780262121608223
7,10,4,235.58137721053976,19.232448353369882
12,13,4,138.09002288253106,5.05191294000203
12,4,5,280.92878702691615,11.517719353321304
7,4,6,108.7270518368479,17.956993017217776
7,7,4,248.24262194284765,23.055402466841155
11,10,2,192.78746483921896,9.353917309884908
6,11,6,460.3818128898349,18.672029344685825
10,11,8,77.41792477432398,22.861492097144545
16,9,8,362.30783634758393,16.115691447847617
12,9,7,132.23802469434617,5.677028341751276
11,5,6,193.5702834495079,16.231703961640918
9,10,2,236.98132837792969,12.411122193603827
9,1,7,458.6067902187384,28.24124019253321
6,1,5,159.1602197332213,8.115334641958185
14,6,6,91.08896114510159,21.311898887680805
11,2,8,193.41032179573563,6.317994158362529
3,8,8,97.10418674099,16.15426094531741
13,13,3,107.86841868224863,18.849487180502017
8,9,7,308.232769088762,12.448873282921635
8,13,1,77.405869894772,16.376890888009612
12,4,1,63.918896627104715,9.088844863254685
7,5,7,371.486345661724,12.603096236700903
6,11,9,212.74119267847004,20.527658122755078
10,8,7,106.41890715524298,12.545001396528878
15,3,5,164.1257468868687,27.49357696022179
11,5,8,338.93892830857953,20.710173941024742
6,3,2,173.99145521338303,15.966225460899611
10,12,9,272.53450630418354,5.968923388854562
7,10,6,104.76288802700253,17.488708380116783
11,3,9,314.64213692245113,24.11940605312723
13,3,2,192.23495772946882,11.638939950310341
10,13,3,332.13579553792243,25.169339241219184
9,12,8,413.7776970368103,11.295169151272038
6,7,1,325.2408887254966,25.59365969877001
9,7,7,183.0864031677593,7.131708540291935
11,7,7,165.08466569673516,26.654592721725738
12,10,1,197.3394314300516,17.479661273333264
7,8,9,124.07923095642718,12.41343974050655
13,5,8,131.52733288250903,11.62783126037872
11,5,4,405.81099585507553,15.800263973259067
5,14,5,223.12965942835024,29.976237452591125
14,4,2,246.19783125676364,10.508184835939563
12,7,9,317.322259505065,7.580416221974991
8,10,6,315.3440728181964,19.62587921796655
7,4,3,80.31959218486658,17.21356166100643
7,2,7,424.1933538519495,18.104906776582684
9,4,9,129.79694895077273,21.673385438930428
13,13,3,375.38223622235097,11.678601746766233
7,13,2,397.70194465767497,27.76662488459721
11,8,7,371.70479034109115,15.891801653057259
11,9,7,310.53994094936536,8.227154878561544
10,3,4,56.57404869899729,23.557468918348608
13,7,9,212.1689715634268,21.077608815446258
14,14,8,322.17774321316153,12.893585062100927
9,12,1,224.3530831651424,20.537968100851213
8,14,1,438.5659527107659,10.496548909224423
11,9,5,188.9610239073269,16.120983983513238
6,11,6,182.0906566063972,27.48531305418313
5,4,3,169.6989618916961,8.338355829018735
8,10,9,199.751391032358,14.66741124968655
11,3,6,300.83223394138423,25.528560618008683
7,5,4,368.1568824226659,29.237272485154453
14,1,7,348.1555629824533,16.348153410544896
11,3,8,413.4730189916658,17.674990503583686
9,8,9,448.6612979738412,19.304299044594245
10,11,6,417.23556905450806,28.30870354084277
5,8,6,58.525431518459555,26.455169774425745
7,13,8,381.1630790983949,9.265028115541108
8,4,5,143.77980812824921,15.918945446176876
12,2,3,109.81761921859218,16.60001070491066
11,13,3,337.319953159611,24.727402791218918
12,8,6,193.88443793346272,20.072322065135882
11,8,2,75.70272351669946,21.355511550725325
10,10,6,111.93338047926261,29.95499769164044
8,4,6,50.41823759148248,6.874001086750327
5,3,8,456.4506323051183,10.575245588343325
12,2,7,61.078092728557365,15.19739843428867
12,9,8,144.25509627928,13.69456007622218
13,1,9,237.3182513095583,5.54113903367459
8,7,6,210.45709667786858,7.294440161779396
9,5,3,460.2766446107491,22.023832285089405
15,8,3,68.13002558054396,26.983111584064016
17,4,1,280.49661845467324,17.85567528164944
7,7,5,356.21575813596826,18.479776987840825
14,13,4,469.264088156526,11.377335820809485
13,5,9,329.16706345567445,24.196909090842784
7,14,9,411.6898562052932,23.79486468418141
16,5,5,87.67622203040679,19.709142230441415
7,14,4,223.67277992161732,10.316607162783571
15,9,7,218.27621051558037,7.425455455927237
12,9,6,448.8296974050729,6.605964396428147
16,13,4,118.11702706847372,19.817401666071945
8,9,2,118.34877755148362,25.62588297857
7,12,1,197.85116744860932,26.45826079452312
8,6,4,74.50972131507692,16.590551858586245
4,6,4,132.1061182936205,24.606782482667924
10,5,1,484.3443373455808,28.67200490852559
8,9,6,242.68277294022778,11.879252812201699
14,10,4,334.4086437900964,14.94900865951893
7,8,1,376.7500667050866,28.286974814917016
14,7,1,215.13263315324022,13.455774182932121
14,7,1,116.25218348473264,27.846907258044908
16,6,8,142.96145729980137,29.526121556361645
13,5,8,190.96991446127467,21.54526821436062
10,13,2,336.2307891585015,25.422257237604207
13,4,7,229.22624709007448,23.73863910552713
9,3,8,53.066614055057656,22.488356440388095
7,3,8,285.5332332803623,12.673276824530813
8,6,7,464.68102635833804,6.427358447698593
8,4,5,415.4349249539056,13.576293312991265
2,12,1,421.345117066834,21.673399630097666
9,12,9,407.776107922759,7.563229955695034
13,6,7,195.67887152469063,5.2979495744560525
9,3,2,394.3372251894764,8.492309315073467
17,4,6,114.42261101503685,22.893398160269882
11,9,2,345.9722662741791,29.3198425414111
16,5,1,338.70585500824745,29.576617490370513
11,13,7,61.5064095903806,17.3494787285047
7,7,2,404.5865601159192,26.733807524808686
7,10,2,456.4616472928087,23.4206613937876
13,2,5,170.33687531244846,17.526005924615085
9,14,5,415.5758258837679,19.31901332387717
12,14,7,87.08268733787669,8.430678665421777
13,5,1,319.9855362174797,28.4415365154148
7,9,8,268.5410894004247,13.79824426829442
11,11,3,295.66558998905,16.153731411429238
8,3,4,466.7923408479553,21.791505774947467
11,14,9,442.0918612610841,13.347561788163848
5,9,4,403.2876457578907,11.356479024723264
9,14,5,173.16430595526694,20.776234831755517
12,11,7,460.3183829087412,5.6246020570462365
5,6,4,93.87846160874386,23.01812780066697
12,4,1,433.9981474514545,17.850584246912746
14,7,9,197.6720325591235,20.14384326302336
10,8,4,74.19754024789252,20.79700398117213
13,6,9,351.21064290833675,18.176253912314092
12,5,6,154.07596774217996,19.563344436018397
8,6,1,159.60700663908437,22.094705022246863
13,5,3,187.72122480294718,23.827971179491854
12,8,2,78.65814537613252,23.186309782153014
11,1,9,129.7072148892143,26.74041144330654
14,11,1,52.312832413502136,9.736085829185068
13,7,9,250.43428449760407,15.028699237294939
8,10,9,87.91491983808709,28.694901650361427
14,10,8,357.19367226988953,14.914764359658243
11,11,8,156.03028303624177,8.121751922648066
11,2,1,474.6083648158297,18.136128159054486
13,14,8,442.06323232939366,7.737274313861554
13,9,3,180.2484027356937,10.07133096819663
18,1,7,402.4469545955054,29.957968914273916
12,11,1,411.4602070991628,18.5340659599033
8,10,1,493.9534013514847,12.101459726010726
4,6,5,319.02799408055824,29.86937386434765
8,9,5,86.88458058964798,29.16397296387858
12,1,8,341.0767530168714,16.018476027106587
13,4,7,331.2408867692158,11.51007771969771
10,4,8,337.2577598391943,25.95999095230475
12,9,6,188.2155416468952,22.890517924294645
9,11,6,436.85581328614984,22.173535875087758
12,5,2,481.7624823299354,27.327843533061813
5,5,6,147.97063084016818,22.235428346783117
11,6,5,89.66847116149,12.094948576038728
17,1,3,137.54076492581783,22.346579046893307
9,1,6,419.2484626650735,12.645337782091598
9,9,8,354.4900856689314,23.980974491424877
15,3,9,336.22130405260697,20.49369636228915
7,4,1,230.80691079924102,6.935288799618764
11,1,3,310.02258718014605,17.82088406087855
14,9,3,188.54335637346534,13.582524229893524
19,8,8,264.7400357380826,13.214265818307357
13,2,1,406.87836276679514,20.05640755943143
6,8,5,491.558718854958,13.058120611735623
15,7,3,469.6200156154108,24.42234370512182
13,11,2,470.239674280812,6.769785900279361
5,6,8,231.00068068120058,21.509706309895638
12,1,3,260.95544622805596,25.22987009141853
7,7,7,367.5359283660417,21.82079224801075
4,10,1,464.9863676230779,17.430729875499893
8,7,6,113.8974167084381,28.75767534340453
8,13,3,186.9088387222381,12.49846224495159
9,14,8,112.66108006734927,5.479197188124444
11,9,6,325.4038384817549,15.799734286586022
13,1,2,187.8354485993919,5.825298397508181
10,2,6,196.74853363065805,28.84841881316022
6,11,7,81.91218176959066,10.247951143701288
11,9,5,207.40822781341637,24.723175598721987
11,13,3,438.1234283307134,24.36430207935912
8,9,4,154.88276535087573,10.443222492073339
5,13,4,362.8343597945296,20.530663262004182
9,6,6,333.3327552223667,6.2019742121612556
11,6,1,438.5680737661019,17.089364642596685
13,4,4,109.5295764429672,5.3661781818121685
6,4,4,489.91548215526944,28.028597004521046
11,5,1,312.1828907181645,29.40215060498929
8,3,9,497.9633685560665,10.55706916596463
10,1,4,460.18162663963284,10.20265086490932
9,1,7,149.6827724508976,23.84300441405324
10,12,3,75.27290445649089,11.334484970733362
5,13,3,165.0375922079127,27.376913979046126
7,7,8,287.40364204973895,19.348228403074557
14,1,8,127.21836517933549,13.769440575257804
7,1,1,125.35688503309483,25.817343658735503
11,3,2,258.16709619731887,17.33516751033488
10,10,8,64.97058702621129,27.79082284271189
7,4,1,104.8496371395217,28.200355918234525
4,4,8,237.13760273357641,9.135503803210234
7,2,8,78.4084591435849,5.058085153298257
12,1,2,228.5397754049882,29.598273503560055
8,3,4,263.30281967680025,27.653438403186986
14,11,6,253.0699763329015,6.386130892596036
9,4,9,441.1286858313893,25.825856598526748
10,3,8,288.5281047732796,16.445123313980165
15,8,8,260.5912081151195,11.47404012562438
8,14,7,234.8191604262498,26.968663091923247
15,10,9,417.93052023701875,9.916680809757683
11,1,2,452.7754717999249,28.682499985501675
12,14,3,433.9591111387029,10.140537192483528
6,2,8,353.09596015912587,20.342079693218587
20,13,6,111.8127856859034,10.57715836322437
14,7,9,174.59148627140553,18.641716624215867
9,4,4,70.72837865688984,22.099378247878533
9,8,8,468.87083374555135,9.755698270503439
6,11,3,347.35933836090965,18.022144567516982
19,13,3,385.86329794095866,16.726493609752975
11,3,8,190.20728281200303,6.775935535083531
13,6,5,430.5440850248041,25.457695441882574
19,9,3,166.82147766881533,13.392060016071042
7,1,1,50.73969070060236,19.36455493879699
6,1,3,219.38673313431227,17.86960587332836
8,8,9,306.84266643158304,17.831512614261058
9,3,5,265.41718608448514,7.680559855212186
11,5,2,437.9342641594687,15.58705023123332
6,1,7,97.43237868027512,16.309168980164255
12,5,2,299.2205482851765,23.34107100911121
7,11,4,280.8407074194083,26.000470798017464
8,6,7,176.62684197747336,18.62455695250045
2,8,4,420.00265065965476,7.169573851624762
8,13,7,388.78189514699284,10.921236764913656
2,14,7,379.78663429932396,9.123350671318278
11,3,1,444.2866152213002,8.115376579728117
9,3,6,375.25307027968455,14.14748246544519
10,12,9,154.3285812716269,10.73483755385955
6,11,2,367.503220242361,10.457577795287808
8,11,3,188.46626602542972,6.367329364406691
7,10,5,158.97859265636174,5.441751119885847
19,9,9,82.8516168048323,7.569206066244545
12,4,4,384.8128611564545,9.304936985590826
14,4,1,369.95043287741504,15.774593221205079
10,12,4,155.52476495334218,17.763006532471117
14,7,6,387.22055752587016,8.514797954334139
12,2,5,463.0283973920989,15.619583538104656
7,8,1,98.61303087121067,13.543721058148183
9,6,4,154.68648727404872,9.5855910874489
5,3,6,387.61735733929197,5.1710187037090884
11,9,4,173.5280030781852,16.675446663043545
14,5,9,331.09878842767256,22.141293731629982
8,8,5,86.52390100867153,10.656933353595175
13,7,8,253.49111559659244,8.295170747416984
13,14,9,382.5911398968289,27.176068611174045
10,8,5,358.93127436946367,11.875619312194944
8,7,6,416.7824453041131,10.590315494816618
9,3,1,444.853456971426,26.427423490247897
9,2,7,397.9325755664412,25.42767747916903
7,7,4,352.2144843225167,16.208661763115842
7,3,2,64.27512131721402,17.230971535694362
11,3,5,290.7350030342498,10.443717620850549
11,2,3,66.96397621168376,6.957541761988937
9,4,6,413.63051770221017,19.33579563389153
10,8,8,194.3260360069809,7.458623039755328
9,12,7,303.09321835306446,16.231863673916244
11,1,3,175.75038829350618,28.51242996282527
11,1,8,402.12506497113213,28.82085972926461
13,12,2,448.9261369888562,10.983307163683964
17,14,9,229.3891223958788,20.60283550114136
7,5,4,438.31507707994507,16.85190660269644
8,11,1,170.18375335534958,26.89212818965265
10,5,8,290.5974153839857,11.785771606901331
8,11,7,436.4426434274168,5.092560170810422
13,12,5,196.64660417710567,9.064030148285378
8,1,5,479.3190192851386,13.738070029234951
12,6,7,104.84577580162264,12.893028244262215
9,1,5,58.2237813755778,24.78407297807215
7,5,8,456.86090866018577,22.014016653470946
7,9,6,80.89189976654251,12.488907990372432
12,12,5,496.3501381763713,16.443595429155334
11,14,9,478.12858789059777,7.38897759895838
18,5,2,111.6594095163443,27.45366112050252
13,6,1,291.9130815616546,28.385620611213355
17,8,8,133.21413386021496,29.495088384523452
7,11,3,242.66982786355393,26.71382076964594
11,1,7,77.6413081669247,9.349022192405638
8,14,8,150.7660645084653,6.154912080040721
13,2,6,213.4727583795048,19.48991818531685
13,9,9,247.39137511072465,27.81512567207776
12,3,7,489.8733161940019,9.43378404149357
11,6,5,413.53954055779155,5.176072865603547
11,5,8,381.8344749403758,25.13740115080611
7,11,2,291.6685916338884,6.91989210716835
11,2,7,427.99899227195453,15.34265079775076
7,14,4,202.69527604507,21.972183429719625
11,7,9,369.00460074799224,10.919939636404504
12,4,1,497.20278892017745,7.099064086168168
9,1,7,191.58300902083946,24.250530711395715
6,13,6,353.3078906977853,20.754377122176038
12,4,8,429.9416888685721,29.71226211217012
8,6,5,462.11341250780254,13.607700832998983
7,7,1,373.0697109230458,6.5440596572549925
7,7,1,177.62356553771133,23.358750883382395
4,14,9,196.8269682060259,18.04333547133114
7,7,6,59.341114455783895,10.330098284728376
14,3,5,392.3986899521793,24.543224725118986
10,6,1,69.23282272787812,10.093887146248594
8,13,6,439.0935595712356,11.516541370823415
10,8,6,103.39727651354247,7.313213859167979
10,4,3,127.34443046116591,14.98580697577136
7,13,8,264.4369118745068,15.473230598435473
5,8,1,382.04618682593406,17.86404475870746
13,2,1,112.55099233958495,22.724106678094437
16,10,6,248.0319837799243,27.652523217010646
9,9,1,267.2830734845471,8.443352472195215
10,9,6,145.5285387508661,6.358702458716427
10,8,1,102.00126950628427,5.463280839858332
5,10,6,426.3894153435378,8.590534451720407
6,14,3,276.1095423932445,21.448737144540647
8,13,8,56.47155619286884,23.186926949912415
10,10,6,411.3415855890967,24.662642838203055
9,1,1,491.35721243656315,11.092705297608568
11,2,5,322.6667879364113,12.647370331537998
15,6,8,276.6687741878318,17.078366139137486
9,10,3,445.28713837023275,6.579577421505663
13,5,6,478.6325553580694,20.27853808028115
5,12,5,389.54161215610725,29.593375841893945
11,14,6,250.45381838042954,14.020157784450063
6,9,1,316.4996296991482,23.8211868772846
15,5,7,365.4209142580997,17.500847889240198
11,2,9,137.42310695081065,8.195296109009568
6,10,2,251.2404644973971,19.55593622006466
9,4,5,423.4195691227782,12.496856711101625
9,9,4,344.62640682429935,5.860080211336456
18,1,6,235.04183024533435,20.873243252943595
8,11,6,348.5131403066066,26.47330873311819
9,1,2,103.20008543260694,13.619244172496854
11,12,2,230.67392475419433,14.757388680319263
11,7,4,406.9078420833754,27.275542074180287
6,11,1,149.2289542114916,25.340220334183897
13,3,9,133.68267840083797,22.873820588794427
6,10,7,477.8683969623942,11.2199265938287
8,2,7,144.45393331380382,27.755416374166114
12,9,3,167.41336084257563,8.860393938480325
13,3,3,486.3271725069521,20.669262985430546
8,2,1,380.6188566192616,5.7200295136629675
10,12,3,364.8184398605877,21.092995158123646
9,8,3,433.81687273456157,11.928608796833995
9,10,4,102.12038700655742,16.241924429593
13,6,4,367.6803064610032,13.631613801426328
13,6,3,276.6598741977075,9.318918906155247
9,10,8,423.1177881278629,20.549519752346853
13,11,8,278.6637733993374,27.049388878515185
10,7,1,329.10860942101044,28.977106057060084
18,7,7,264.9839568797912,9.808659078847876
5,11,2,265.17151560012985,22.934319351574334
9,13,1,395.5864901278242,21.608484165142055
5,6,3,332.8548802912774,13.584444739364313
6,4,4,334.9684407242347,5.477479983843146
12,11,6,252.6271177241866,22.244781182821654
9,9,5,288.9992733518874,28.637371513987503
10,6,4,385.5729497921543,20.803003047891284
13,4,8,421.67341360036323,15.882318104690853
12,12,4,363.4526309648208,18.128847352790707
10,3,2,465.8328449805574,9.990720191497939
11,4,3,419.1458396662404,23.76360409384344
4,3,6,302.8387054142833,23.660495750246227
6,2,8,352.1327326896816,8.637932509685623
10,14,8,466.8387246145382,26.949459562491477
2,5,9,328.62561990937627,11.729743486832632
12,2,7,421.1631265909238,29.55640152341537
4,6,2,359.96472661549416,14.572575350931146
17,3,8,298.3713624772099,9.44710146836249
8,6,7,158.8271879369089,13.793002783641308
8,11,8,241.69888376079265,16.00450821742983
12,10,3,485.48427117517207,6.732694325957371
6,9,7,345.99442247267,19.45545953058224
8,1,9,303.9779211525453,19.940810996722508
8,6,3,469.8304814877023,23.473261383736805
11,9,6,313.9303014668519,5.729247307268582
7,11,2,286.7371332878313,18.530955360845752
11,4,2,391.6898848175924,6.322685831766609
11,11,5,370.699528543945,22.528605499166336
13,12,5,136.9220037837947,6.393199642524612
11,2,7,262.08872355835456,27.793196208540817
13,13,2,262.6319492688134,22.552064172112413
6,4,7,220.20103185950515,17.68474412712893
16,1,5,282.7820669685139,16.037598082029373
9,3,6,235.8983289772149,8.26681576033156
9,10,8,139.7054702620324,12.274984739116578
16,9,4,235.56491927360648,26.723977625522405
6,10,7,82.52462640792947,27.61132028906235
14,5,6,309.1036382484852,5.018692709263276
8,11,2,434.14454702350037,19.853409786938784
15,6,8,376.3791879595499,22.98251522562784
13,3,9,212.17731802435006,20.468674561440157
13,5,5,89.18204250978869,7.041994121658849
6,11,4,140.96722965137184,10.443122469972556
6,8,6,295.47065322267605,11.258506684534652
13,6,8,143.1756875223648,25.793115782627243
10,4,3,294.78790007823534,16.579985907723014
12,2,1,154.2195611437545,17.17070529853092
11,14,4,432.01574126423276,28.372326163862713
8,9,4,228.77216277820688,20.92714722136789
11,13,1,160.49778167502097,27.466692538816595
6,12,9,415.5467811111777,16.412721383538326
5,1,3,204.27753416245284,8.735906462957356
13,1,5,100.16945952745186,28.248389851852142
10,13,6,306.68427113163875,16.46762789168846
11,4,8,311.70389199709496,9.540785546970547
9,7,6,371.6130538560804,12.559893507598055
10,1,3,158.0987449437735,6.270064742223556
13,9,6,249.6971025915103,16.70751478640963
12,4,1,177.06556356919532,26.328204297755914
18,3,4,86.42918125205966,28.339511400167233
8,1,6,444.47622215715126,28.315055187591092
8,10,7,377.9914120197535,8.130750640718668
9,4,3,185.6583767564603,14.551347062776424
14,9,9,319.71784679239386,5.705718991267659
9,13,7,140.5687046605126,26.37913362428682
12,14,1,450.6064798080969,13.968894050531844
11,10,2,101.70785451285963,20.777925697305868
13,6,1,51.72671547851041,22.872460951932215
11,6,9,275.90368898263193,15.746116743578884
11,1,9,312.4075205537912,12.661058413756075
11,10,7,310.53439413311196,29.05532275289862
11,2,3,74.53036734702184,29.112205625596356
8,11,5,191.31971311329463,12.235909200750548
10,6,4,274.6395260785993,16.990627418611453
4,2,7,147.46063353225838,29.32110396650056
13,3,9,442.68164846865335,5.121710191387581
9,4,2,89.19918025764531,15.31695620947873
8,11,8,269.32299875241927,7.511438742024211
5,5,9,361.13722588091844,17.728949139065065
11,9,9,167.78799506051712,5.6167488635121785
11,12,7,330.9083316488832,15.172460784765697
11,4,9,423.22331756406857,10.517476869633377
5,13,9,135.6516387927714,18.33270906146852
14,11,3,462.74926632118826,29.89984122751749
11,9,4,299.1013396980611,25.01340262816869
7,11,2,184.65440193547724,26.141052290610535
8,10,3,243.88622392202183,20.881624683977023
8,3,5,190.48634770387457,6.038996206806464
7,8,5,376.30002196999226,10.169941901103602
7,12,6,408.3352985368095,28.126613911176374
10,1,7,424.8218265433975,14.15282794821878
6,11,7,493.59571231358353,7.590918162019889
12,9,1,406.0779316235076,22.56013414665505
9,9,2,320.6228318098535,12.486443098356366
13,10,9,202.6491342763027,11.721422822604293
11,2,2,295.06795191983724,29.94943638895651
17,4,6,68.48067775568244,26.45347312566636
3,13,1,385.17128398846086,15.198445459196027
8,8,3,250.6799952914458,29.506530195412477
15,7,2,59.01045337948443,21.25283058548034
8,1,3,78.12812367968486,23.550561296994005
9,5,5,224.3599087197905,5.78782607705529
4,7,6,312.5396835582958,8.040131483701428
15,4,9,258.891777028457,20.82712816240596
10,1,4,328.6419427814697,27.475599566237097
18,9,7,266.1324164561101,20.59359315218989
16,14,6,347.766730466606,8.350622357974794
9,5,2,148.6067291018604,7.894001156158116
7,11,8,100.77943423262963,26.10464739560204
7,2,7,318.39527958154696,8.482558467697858
11,8,7,268.11028262133834,18.005799012600633
5,11,8,62.09044432022088,5.927832999057557
7,13,1,221.21684847186614,7.0167441847794345
14,2,1,97.75651347094797,21.80870669107162
10,3,8,289.1105742887129,22.229535260687918
10,14,4,228.09995584719385,13.53673516521106
10,10,5,325.91835999635805,10.39024413107612
10,1,8,412.5209984466072,25.3427567689327
11,11,5,184.85090772867088,10.42758073674726
4,2,4,482.9459468742624,18.550676741659494
13,14,6,291.03552526440853,29.205221021572637
7,7,5,328.2308594396546,8.696310946559596
6,10,7,356.3025679515817,28.52190668736772
13,2,7,350.0291884359154,9.572326326716716
7,6,4,279.9368343702779,19.18608020058074
10,3,5,242.94393100160758,14.425192798968615
10,4,3,74.20188387982006,29.12321503754565
5,11,4,59.938630385530885,11.838550725048423
13,13,4,211.0825375397441,14.991450052143842
7,8,3,200.1474007851617,29.57150294638551
8,14,5,224.46281967755303,18.41175977971183
11,3,5,112.26569039968551,17.565752890531336
13,10,7,382.17572174157965,11.444462205099782
15,6,4,435.63398664930753,22.534089007761036
6,1,4,472.42158591831577,5.359323794444441
13,7,9,271.5630365838316,6.237815742557338
6,8,6,365.3895646064429,19.98396467839507
7,11,4,434.9980055461426,13.541864345461352
11,14,2,238.23099999206866,28.832909305024014
9,8,6,189.23575769169997,27.57976726806964
5,3,2,471.52605013407054,22.84265646691768
13,14,5,282.0544479846829,25.453639528195033
19,10,6,273.7642489658951,21.683296241692332
11,1,4,130.2872434535731,8.139552567754016
14,9,3,98.66975655801053,24.138584242230067
6,13,7,428.94808811758026,10.25479921797116
11,6,2,326.3599292843831,13.086071377504918
7,11,6,196.6210628087519,25.480855302560506
13,9,4,136.2812978256199,18.413140209836207
12,7,6,299.97377607633416,26.49851785458523
10,1,4,312.7636801675109,10.325882996081605
10,12,4,143.14712056027616,20.19446096517218
10,12,4,433.1325865511633,7.094774313706541
8,1,9,87.91896477013299,21.07652483850074
5,6,7,210.24188832488977,24.063350944388368
6,5,3,356.17298619313493,19.623272349468042
9,9,3,173.3541637186403,11.655787537470257
11,2,6,422.4538376515723,5.783566721471668
8,8,6,382.9405219701816,7.986222099107144
11,11,4,405.0602800466604,20.557574476850654
12,5,9,103.59794114452232,28.360505421062843
12,2,4,113.24620759799431,10.16336009930016
8,13,9,178.91318198506264,23.37565372762747
12,10,4,283.1347243389025,26.661276581226037
8,11,2,386.6072345147311,18.02205446118778
13,11,2,426.43890084240655,21.731644896091442
12,12,5,366.9508921807312,25.375382916903703
5,6,4,467.86859668878725,11.51687894351484
10,10,7,382.43457932716865,12.422391856701076
10,8,5,187.8205491520766,5.015687915711404
21,4,6,169.28657795235767,29.077353272445063
9,2,4,363.28660263549045,27.93862236490862
8,12,2,136.79175591032643,24.11420659398576
8,11,9,91.72166486462146,6.9769005244162035
12,5,7,289.50029368528726,16.187572242487704
14,12,4,419.7387064005299,7.54729384928882
14,2,3,95.62092911143858,5.398006681569965
12,2,3,406.35109570807816,20.404574130314934
5,6,9,415.2074019581966,29.02073542700471
8,11,5,267.0233000366946,27.571700585803754
8,10,3,75.78963950471906,22.418870373385108
12,9,5,128.56543306123388,7.416014604121786
12,13,2,368.34182382286957,11.854100941807502
15,4,4,370.30007524592725,13.001418172132274
4,6,2,454.2598738254494,24.07875144363903
13,7,2,312.2087659495623,25.056229480877853
14,13,8,105.84831547119983,14.627653074748011
11,11,1,104.63670747723747,15.447099915440242
14,6,7,374.50956081057063,6.112725981904283
10,8,5,132.70309929855551,12.228417960469024
8,4,8,197.7734748274724,16.282129429441
13,12,1,269.24540311486123,7.92457615963144
15,1,7,61.14419490926804,16.331686518875536
11,7,5,161.96856215896935,26.329395306445008
11,3,4,233.55032382827602,19.53302549312633
7,14,7,175.83634332194282,6.973246375960308
5,6,2,111.36664736040463,9.79178297075686
10,2,1,377.6055160082888,16.863608753963906
17,9,1,415.9164448255932,14.037178745545301
12,1,1,165.86553926467616,13.968175488652468
11,6,5,398.4887725728365,18.231686203589753
7,6,7,223.49910398059123,19.609898039736436
10,5,2,278.00860588430123,24.921539256904776
6,13,8,435.20048370191876,13.524164086562116
10,5,4,387.47915681108356,25.136657076014668
11,1,3,412.30258309228,13.465280727815813
7,10,8,111.58032496386056,6.385824723530845
7,12,2,81.37374162517827,18.85469127511978
5,5,3,452.0321280895942,19.697558122370364
13,2,3,224.52542130699246,28.3635061405465
10,7,1,179.54585513135638,23.15153315156186
16,3,6,376.113314417821,27.94431631236099
5,13,2,426.3870184609355,27.70868025607524
5,4,1,438.1203298542354,20.114352756456054
10,3,2,192.1987135063523,18.19405163341119
10,3,6,433.4955760407533,18.936024179089998
8,4,4,68.42027496845543,29.458270191931195
9,5,6,72.3476711568735,24.329192293673973
15,1,9,330.5836378283695,7.656647619809895
11,4,8,78.3978661019958,24.460710169534998
13,12,1,196.0741258295727,9.263451222455647
11,12,8,352.74019381111583,16.183763725140643
7,11,9,201.77010322440185,10.261491804413357
11,8,6,130.81990164804316,22.239576638330746
5,10,5,176.60777983422872,26.932743404825892
10,7,6,255.9088995126943,12.259047134167023
6,9,6,263.92363490996706,7.050268530204691
13,5,9,402.3501041062409,12.462327451874081
4,13,4,387.56895324418065,21.80904644830486
16,10,2,255.56801205026085,13.21900318886125
12,4,9,430.55030709444713,11.952804188845086
11,8,2,101.40671236612812,9.610879764606624
12,9,9,164.90900760300568,17.437910671860838
15,13,2,422.58940857601317,11.89872070392969
10,7,8,220.0973173817689,23.275258728487078
8,14,9,491.53170145722896,6.915560049805068
11,7,9,259.81397668752595,21.600825827782938
6,5,9,406.37103033369385,10.939000364194246
8,4,2,231.0381686220674,17.231981526290078
11,14,4,241.22908357809368,12.152248050781516
12,10,7,222.29741627788258,23.06921690026989
12,1,2,373.5840292298653,28.632676006290918
8,10,1,296.38304782699754,27.92691948674533
9,10,3,474.70015011576606,19.585655378602276
15,7,4,162.90064244034716,16.56525758142446
8,1,8,95.25322943754995,25.457512735984544
9,1,6,226.96766829464684,22.08315906569325
12,5,2,327.5207184410492,9.589102855423322
9,13,9,437.35952161197275,25.522980340325006
9,9,2,205.78859900614745,15.722109734867754
15,6,5,344.20403800600775,9.724641499279379
6,3,4,207.58940646044857,12.044933759912311
11,13,7,327.74881234750615,11.688175756208558
8,3,8,448.1635761637929,17.980174365086505
9,7,5,154.11093901673405,10.859252266946887
12,6,5,231.90873894816764,8.089162185039404
9,9,2,496.96933839338595,8.092271265344017
12,6,8,440.85066271225736,19.581904928477414
10,5,2,304.0879360532909,23.368982221234464
9,10,6,282.4824163344239,13.03832522095852
6,7,8,178.07017203710643,5.866267745350427
13,1,6,282.7442424620882,8.180622173425268
8,12,4,431.6816742259762,27.867364008426428
8,7,4,358.32853097500123,17.338591489736324
11,3,6,180.51981268009396,16.33932024037937
18,14,4,140.65876447408982,5.951229457752273
9,9,8,169.34384164857312,23.21592555792248
10,6,9,126.39164062677193,18.201702023301973
10,9,1,93.03831321067217,10.05202340216302
9,13,4,238.61127849892475,7.751844004526429
7,5,4,100.98482197922047,14.584696590799963
10,7,2,127.36065097719695,25.92904910487564
11,13,6,296.29610795276875,26.632363980025612
9,14,3,124.06967316480862,20.07115950989091
10,4,7,78.74589534390628,23.188410680753567
11,7,5,192.82498251254833,7.878894685071759
11,13,4,149.14359437988537,19.70315163669637
9,1,5,281.88733459746953,21.674142587179546
10,7,8,96.0651880624442,10.017821072844805
15,8,3,388.29685445734015,27.003868322756475
10,5,7,457.8050837458124,9.874918438025494
6,2,6,384.5458282802875,12.83693399616126
6,5,1,289.7721668306274,20.513921175586464
8,6,7,437.3005198049983,20.958751628268267
16,12,7,362.71327090167836,22.48461852468418
10,2,1,54.74800510258544,7.800292826705142
11,14,9,227.3405687485264,26.236610748213884
8,6,6,432.92835473306,18.321178307081496
13,6,2,205.63648608887118,16.78304485262671
10,1,5,65.84682808648557,29.52744061283774
13,14,4,385.78083734852254,23.509457423525493
7,1,7,410.91722162729087,7.950150665484372
14,14,8,122.26716276948885,23.91347918065602
9,11,1,291.8032235794316,7.381223349321737
12,10,5,136.3799475480766,5.686764062824621
12,3,3,373.65548856986607,15.090647381747427
8,14,1,172.19770482986854,29.839454320480467
13,10,3,192.29680515349852,9.372098404871565
8,10,6,430.23688413804564,21.81610858816975
12,12,7,264.345058493107,9.334901655152983
11,3,8,351.3895030482115,23.11967437395965
14,4,4,231.06787282511044,17.633841705945652
5,2,3,184.10308573718993,21.999292752234407
4,9,5,331.4651271910976,10.071829397855865
9,10,9,119.68590833546958,23.64070831301255
8,12,6,217.84992600508835,29.890476490567668
10,11,9,144.06666682366503,21.641262515648993
4,14,6,363.1077351233355,17.336999951821944
3,7,2,474.89397725574844,28.07934971548162
9,7,5,497.97993560713985,5.396296055796908
7,6,9,252.62456469871583,23.248087982145528
9,3,8,163.6386753364,27.218662920345324
8,6,7,249.27321667294586,6.541864590523936
7,14,1,431.2712344832257,16.251604260393954
9,12,4,142.70255534841795,10.117986348749973
6,8,7,478.4430432438157,19.162954139695753
10,8,7,203.83959595916795,21.23857396509151
11,11,6,493.6116467526372,12.565579573218876
7,13,8,427.373999390283,16.49954174195252
10,9,6,413.85674036632565,11.983487131913988
6,1,3,193.0571031979776,14.234779111377843
8,14,4,53.94974537656826,8.98849891721059
8,1,3,221.9598089716945,27.138986089640785
11,3,1,185.81421634821214,5.250260263978411
12,3,5,66.82864568395878,27.060229661094713
3,10,1,277.4143654276684,19.291971958743463
12,8,1,231.36409007723148,13.291446104425438
14,10,2,335.5504104836861,23.076428136508245
7,1,4,329.53384498733743,17.693803796566606
8,13,6,104.33598615350604,17.477716452690164
9,2,8,489.63449575698013,7.753557072974161
14,2,3,134.1191432486511,14.737900648635216
9,3,1,250.37331114411705,11.026608646418417
5,13,3,269.65289454518074,5.392397639906991
10,6,3,415.87825874635405,14.002490769552832
11,1,5,94.65331824259104,7.245553235640118
12,2,4,242.8899256438393,11.42075094312963
17,13,4,332.82597660629176,7.312915529577362
8,13,9,146.820029730825,7.523540638909971
13,1,7,332.36055444473277,9.975282360379707
3,5,4,465.6491768973437,29.996231112160004
17,13,3,498.88315902770375,5.054603571431219
9,13,6,64.60298455580407,20.96681590301013
7,7,3,156.01470271010487,8.531092450663934
9,8,6,189.63820210626386,28.015703417769394
13,10,9,229.60674520023474,7.34082233334073
7,1,6,159.01572091314534,28.876579678155913
10,7,4,141.56959754989063,20.27315968708695
7,13,5,479.549229087875,5.031701922887256
11,5,6,463.334721246733,27.35017994792015
6,10,3,71.14662545140285,18.042795034172958
12,1,8,202.46585972218168,11.566743383262114
11,3,4,232.316849155283,24.181979437890753
12,7,8,157.55654059967452,28.16663884717175
15,10,3,332.992803644679,17.092270578669847
9,1,7,338.17133598990847,12.888836861077772
5,7,9,432.7269027478687,24.72362809837317
8,5,4,383.391170773348,22.044637444711366
8,1,8,294.15799713468004,27.21881209375681
6,1,3,344.11404651998896,22.312850319029824
10,14,7,173.29495169435813,11.088208472488407
10,1,3,316.87528548531094,28.291481243975475
18,11,7,270.15226463746365,7.620893680149782
12,9,6,110.00501029236668,11.698568752671196
