Duración del contrato,Uso mensual,Facturación mensual,Satisfacción del cliente,Soporte técnico,Churn
0.7740740509661974,2.0437368924193153,2.5101477740733866,0.145657054814895,0.8214601551837409,1
-0.143013884719579,0.9117612804142561,2.7613002196521124,0.26830894876243916,0.23743457396898515,0
-1.6385995267488511,1.8728544531505957,-1.0404934810462323,0.54743920361829,-1.521008873615409,0
1.485091542313013,-0.07654219556713038,1.122016432737356,-1.6311681245979168,0.28750400829481737,1
-1.4631491534127257,0.04802163649030444,1.8142480444736617,0.06824887667574064,1.4436085434223624,0
-0.46164237489903404,0.40974771886401673,2.731210268584953,0.8399642327982951,2.613742316505785,0
-0.7947575292963811,2.874086637122736,-1.3248166784555515,2.348273394249739,-0.8636455165922801,0
-0.9161961390835542,1.4009578877520443,0.7564273473068761,1.5881000610027027,1.9343744443670643,0
-2.089949363318519,0.19755957233555044,0.5211260039276224,0.37783535788964395,1.2943290636793268,0
-0.3191435076306942,-0.17397318676493811,3.34465614855123,0.6515729157045478,3.4644114489849693,0
0.4683250834882773,2.822638995418738,-0.18647891506826086,1.8413959003822629,-1.0695837153577865,0
-2.1726377001635395,0.5722250495116529,0.6592214854254013,0.42995183575659335,0.41351654524087644,0
-1.36232229711801,0.8845343309813645,0.936128861977276,0.9525508059065002,1.098050139287765,0
-0.43976155026922836,1.3298340061581373,0.5947095073638751,0.8851047609406548,1.3200207889704227,0
0.13930335737135713,1.7230186512917731,1.0501894768815419,-0.3000832573513461,-0.6039979009967409,1
-2.3273834334331953,0.10361910395373719,0.870950217405436,-0.5051677619621768,2.2464259745567086,0
-2.857109741911862,-0.2542739976030908,0.5267728755220424,-0.12657744894471268,0.6311041006720113,1
3.32969556151218,-0.5920355645669078,0.538228065232015,-1.6036011512353336,3.3822564417239454,1
-4.256882145608904,5.7661605143193695,1.7108402154335973,1.23436481692264,-1.1877522040139032,1
0.27917285887938537,-0.03604263225655102,1.2776886039342954,-1.2617066673435282,0.11022399224575041,1
-3.5720924271882373,0.5840685483818306,-1.3098362155684553,0.25446925765213113,-1.7178527848258627,0
1.2460515422853677,-0.20324550630907012,0.7952080630306912,-0.9479114387317035,1.0251111323752606,1
-1.0714687243761487,2.110949900873499,-0.14287547099657605,-0.6031114048046516,-0.8565595843450502,1
0.08029079150510254,2.4887225476838557,0.32942105881935335,2.1740414309627445,0.2708533931007151,0
-2.684483931282416,0.11589906972541897,1.0699576822680794,1.6746057498766755,3.534071789888155,0
-2.373214787801419,0.1491236281869447,0.07179194175943626,0.2937749679919429,0.8730909079354969,0
-0.33350736420773486,1.2405456359596654,0.7883251492465212,0.005571134045018966,0.1671529754218719,0
0.05237026938637679,2.4652696822413196,-0.33219059071970714,1.116322383210467,-1.46706881387305,0
-0.4445253784594968,1.9027706171455212,0.260595900317373,0.5352566566750554,-0.5550490097748433,0
-2.4234432561069004,-0.4255895712281943,1.338285358076651,-0.03422031485575472,1.516010014200814,0
-1.296967582455908,0.3978932017263225,1.3531403859644797,1.3464165454075476,2.5257908021247957,0
-0.8060284641814845,2.1639616182218546,-0.3342642481874598,1.0748238009711613,-1.388334073330864,0
-1.8895594827219835,0.16134175200325906,2.313007132246825,1.246603864917042,2.346868230644147,0
-1.4180071330554642,0.8690639843535624,0.6815178699341004,0.9131815379584405,1.259747633026364,0
0.40059124227429654,1.2102562056561632,2.6671966426896176,1.2713031948845677,1.424659395473113,0
-0.1637476915628815,-0.5372999361607984,1.0939028789056846,-0.6982884735236061,2.5601176256298697,1
-0.19361406172346762,1.4770654246243917,0.8926936350364488,0.5578302688590266,0.8040694161440183,0
-0.9022176398038924,0.9865559333044839,0.9016841721105693,0.519814049858726,1.0765053383683414,0
-3.9224705973951437,-0.8029237146220858,0.754079219971092,0.42107748453091043,2.046595660094706,0
-2.461556904754592,3.6962469917943785,2.9212649522509357,0.8025583695351806,-0.19466160312892322,1
1.70625346859881,0.4534965013227118,0.3341920043457275,-1.5892173930893798,1.6300278430454564,1
-1.6583682886456304,0.3935698124714996,2.1608893388439956,1.725701551433941,2.3756433131851957,0
2.3895317620293914,0.11126176782260733,1.0966937032565445,-0.6493193156261385,1.078297056135567,1
-1.0714987473537885,1.577190659596714,0.4748418362847884,1.581536115181055,0.05337684912378993,0
0.7315589793240971,0.9350663193087987,2.901847035400203,1.32136997904231,3.4583370095288632,0
2.0178901492517953,-0.28970238591688924,0.7051309585104818,-1.8055126812160025,-0.37923826191345333,1
4.378420636773345,-0.7460076925519221,2.354558650249307,-2.2049854096207824,-0.1829444048771638,1
-0.780820746040273,3.683611645129171,0.778750398696863,0.31278857324294496,0.6511395312848575,1
-0.6671062456214836,2.197429309861553,0.0034392723535978664,1.6321168697217234,0.05528868280815402,0
-1.5417047692833283,-0.5646408555493516,3.638629100576133,1.6166972043694552,4.781310109034276,0
-0.5704710869068104,1.537660765378872,0.44996024522696565,0.9519553465994144,0.1385143343510954,0
2.013393886536517,1.3073804046340125,1.4751162258751407,-1.028457248915402,0.8758139629080011,1
0.21285311570433407,1.9196443702728763,0.4293475003637167,1.1565223647977958,0.42240521694988165,0
1.2987328720009736,-0.6886654839654447,0.545850388748292,-1.8353674129792399,0.7669276923701867,1
-0.6607956358113176,1.8442954059419696,0.4839724957632717,1.4594065665315403,-0.3808672261552162,0
-0.3677495282434904,1.09297431624823,1.1683412556083643,-0.29245943900463944,0.6519910557073071,1
-2.07077599506679,0.5139918200734739,0.29777703454808957,0.3125009081822633,-0.2862463041576264,0
-3.526772419322314,-1.3807873573536953,1.073504406365598,0.09673477667077446,3.0698994183386015,0
1.4067387205762079,1.587173955773864,1.3718886210144907,-1.0929350370495157,0.21769519151340622,1
-0.3303207892011061,-0.015637606469394383,3.862396640041151,0.5956972470390075,3.254941852410129,0
-0.4833502168446764,0.40418878587675267,3.7617848195742107,2.932285707460853,5.104680512282947,0
-2.9477301112133985,0.12080214713386805,0.05518364982944368,0.1123376057472042,0.35861598387382987,0
-2.384381236020957,-0.1877168889984675,0.8081324092826032,0.7982794301422881,2.1731386962299464,0
1.0816230565208744,-0.652004444607905,-1.0918523757120973,-2.1000116189348237,1.2797960897398848,1
1.9074170814758502,-0.29992763838525827,0.3134280073237188,-2.1249189503470105,1.1699882723110653,1
1.4586744514195105,-0.10646683148213887,-0.020252416092114922,-1.4797079502648103,1.2088932794491147,1
-0.17787010327834574,2.2895954267254055,0.6305945364205184,2.081496807374506,0.8554749228818946,0
-1.7921114478284639,0.5272491654757125,1.5393462482922802,0.9965909709517989,1.3618113319101466,0
-1.3104597729949603,1.9746583364595813,-0.7770702358139217,0.87225479777298,-0.8834179407317337,0
1.1458236761308678,2.411041879714265,1.7555317968855615,1.7052615183414703,0.6673117519536338,0
-0.25405637646456514,1.7399896193979183,0.4730153168196166,0.4787422364002658,-0.4403698072796265,0
1.2541523239765673,0.33352803631638606,-0.19246022285574194,-0.5874795443762078,1.2953094411276918,1
-2.397432706108747,0.20206881759748918,0.1769164726147786,-0.6201703053200402,-0.720924727749997,0
5.1865120760651235,-1.2932217422899845,0.14058606016216602,-2.440461942626392,0.19146324409693294,1
2.606940833946531,-1.9143210322700872,-0.8979423767994883,-2.4755422400319373,2.033470181269397,1
0.7605910413495309,-0.877225886455641,1.5652352950015234,-1.0293244409957112,1.63786598582437,1
1.7828614229222801,-0.6089115369980056,1.6616710122319427,-1.4189513789294115,1.152140389461555,1
-1.1518474244539,1.2398913016072282,0.4873968772740819,1.539798687406457,0.8367108469754713,0
-0.6036059665388562,2.5594736232031527,-0.7628753826569452,1.3519427457195423,-1.2621071123653858,0
1.5927801084046362,0.7112608944096577,-1.0403181993110304,-2.1589112771279755,0.7317380066724644,1
-0.25110955338852414,2.6530127092758926,0.4237885178470543,-1.02343102007324,-1.6891527755446023,1
-0.6747347817382983,1.9000842949464296,-0.38441096657465845,0.672983844324806,-0.503196345272495,0
1.9038690034815013,-0.7527768225433378,0.7699436396157407,-1.5055204344449244,1.925101245156335,1
-2.023426462314176,1.5853502735580127,-1.1916002857639723,1.70220878626174,-0.0296194060666779,0
1.0696216250450292,2.209183635402366,1.8847560203767264,2.105727951559035,1.199860347478448,0
1.8429274977126764,-0.1010516391927172,0.7327028237260206,-1.8215497913938072,1.7504520677026028,1
-0.9802753384105776,0.8120505936153697,1.0948767374771964,0.9989321603780316,2.7604817071896095,0
-2.049714600983754,-0.11864361567032566,1.1496674088266303,0.8189975493349791,1.77569774284725,0
2.2100507124277016,1.0462900084873745,1.2892255054290254,-0.698059715422651,-1.0565789448952385,1
-2.746841923635824,0.6433866443315089,-0.4408377404665287,1.0015771416945414,0.3117984552173373,0
-0.832277732976749,0.19955039749662007,2.7093463432598086,0.8994051238369948,3.619343976146881,0
-0.6226196600552966,0.7773872511810977,1.7373803185408268,0.8379514242934726,1.0013485334758108,0
-1.939510590714332,1.6388442200909532,-0.7843779934525468,0.8482755308498658,-0.743818186872121,0
-1.448552391051693,1.1573596158531365,0.060706017082416186,0.14137270623446074,-0.39045060081257454,0
0.0010603045908841313,1.5463095826692013,1.9939972108636663,1.743455276368338,1.6125006648912332,0
1.5194626540932052,1.791644686832973,3.1141189822390998,2.239282413679337,3.2135345965937114,0
-1.4598470049625698,-0.12643536333341632,1.3789369395630595,0.7376509853042308,3.010634293383141,0
-0.2059356479326706,1.2241165685900166,0.10711642840966806,-0.5292447218088969,1.4835052042436623,1
-0.41240273697055496,3.210251256372969,2.2464659684935238,0.44476565818969105,-2.1752080212147336,1
2.148076425881288,1.0153975744237507,0.8995084046107141,-0.7347056667493486,0.21497985328944436,1
0.6269651763411574,3.1702174799917096,-0.5092911985027784,2.149753736291262,-0.9518659697935254,0
1.302308366913369,1.9532026140719325,2.836976657614964,2.547054729384219,2.2848926338898776,0
-1.317728203441538,1.6839345202478087,-0.7876426201617714,0.7637427564965985,-1.3543579756390307,0
-0.5735307180897384,1.8729611780176478,-0.29825504061484187,0.2726791623449877,-2.040785843188207,0
-1.2106796365655201,-0.24449005440278815,2.6405959491513444,1.4171125146424162,3.6496130994642657,0
-0.18152615111181736,-0.7663700725175018,0.9762809712178526,-1.8142034536772198,1.1099240055393813,1
-2.3424909374089107,-0.5162033906054349,0.8787083000404354,-0.5661089437152733,0.874784602105953,0
3.451502256566808,-0.8139575078961288,0.773722403372071,-1.6941246986275433,2.352393140850574,1
-1.7036785723019428,-0.6006745560295421,1.9749864075505847,0.573793605825477,3.428164190480895,0
-0.5304327822877251,2.3839410897079345,-1.2189343808984092,0.7125897301010199,-2.174361043549525,0
-2.3828158115878586,0.9337939343741034,-0.682766908486022,0.9934382282867931,-0.03483827392123051,0
-0.8682126756049391,-1.1127336729738886,4.38115103716019,0.4649945943056415,3.9196855971229043,0
-1.9052682341735472,-0.3763250390792583,1.5656996659946216,0.23428630017197638,1.0683006359920033,0
-1.8646835880001045,-0.24491440646270335,1.6164594705006925,0.2569638022486761,2.6385165573159926,0
0.17106892462404866,1.0935729972444825,3.2077294452768754,1.414765109973104,1.2275501776871334,0
0.007341891760048402,1.3128826932879571,0.6978659855533476,-1.2415619242743445,2.35506217792443,1
1.5813189662427098,1.1275234809106902,1.1785770766665038,-1.303580353208896,-0.21187964715826357,1
-1.8330716552857078,0.11694949103903984,1.2231433628662116,0.7219838975038516,1.4128789520583667,0
-0.29512029759018776,-0.39001033465374424,4.099293308359796,0.7397082841761653,4.432643624217043,0
-3.508307531721396,-0.3463310640481514,0.0760122569335554,0.8147912777996332,1.6446127668344928,0
-2.240856444162068,1.058155377816807,-0.6466759479722508,0.6517429846024299,-0.23466573031937465,0
1.67670619782474,3.0840367796693404,1.132372076907315,2.5619426496345867,1.0005368560027001,0
1.9107954540214287,-1.2108380872513793,-0.12548214433882032,-1.9734941880821526,0.9735757654940175,1
0.3567238368811534,2.148308024812205,1.0041737246043558,1.4685205144487579,-0.07344443515540688,0
-2.878381434741553,2.7386124178916624,2.210596754868945,0.7190921424223295,-0.2433365846026092,1
-0.38692290323133016,0.5163128512174624,2.1654263330023067,0.4925177447492881,1.4423808272935639,0
-3.0535894316299923,-0.4887958861913273,1.5413860621087045,0.5881761367482761,1.9048668778904048,0
-1.3603116018066412,1.4205100265852968,0.28856436747841085,1.5822842784072135,0.4406641722749173,0
1.967305620490162,-0.16802518911045827,1.2878250344689082,-0.059892645579199044,0.5819661951626975,1
1.9695333405192184,1.4972807066438751,0.19158165640223235,-1.6660660925469122,1.8368752123390129,1
2.4848161927139296,-0.030400891237052585,0.6440117213891847,-1.2534860599745437,2.0784777355498285,1
-1.7470795549124518,0.5567625052757277,1.2056496034128474,0.6842335959592412,1.1658017982423992,0
-0.23419933246379787,3.156720675729137,1.8529089730946038,0.17256204651326934,0.24514047958571517,1
-1.1018330549616138,1.4715149660553495,0.8313350369008086,1.270398007658708,0.2686037823717391,0
0.12335685294659071,2.911229948156921,-0.7002937890536713,1.480077076938818,-1.9382169814551067,0
-2.8333256880309023,-0.5146340221121783,1.1068423678162582,0.03850076023217275,1.452007751625217,0
-1.3640989814085256,0.5144664364363886,0.8423668814987613,0.007422117452517751,-0.22602883918188899,0
0.5146890302883018,1.0668391257689693,2.3407910482457726,1.747405711223779,2.4802626754769004,0
4.268009878931107,0.5762259164827046,0.5296204945964982,-2.451735755774723,1.2195225389870519,1
0.35142634104979054,1.8225318989700232,1.8728225158925027,-0.36066354906891807,0.9022998087034173,1
1.4063005818146723,2.717009789738751,0.8998117659497152,-0.740733273887822,1.4903959514899543,1
0.5241682258359774,3.9614635797126865,-1.5410463518152953,1.2949014184842271,-4.230590665594388,0
2.683419809208094,0.9292879482329822,0.04033677548471082,-1.6756075590669801,1.39350570381058,1
3.2110108492758247,0.2577819469553052,1.5453732832550147,-1.3945212496550188,-0.36317425526137614,0
-2.0609325258564164,3.1015403948085347,1.8043236428259282,0.41246102537294904,0.8643146880171462,1
-1.9243953569492533,0.33620367898001546,0.869407103319707,0.6852955542283148,1.2702744444269454,0
-1.9672874692280176,0.13568475415194825,1.3373885942478216,0.7994427786333415,1.9451884552312166,0
0.6469770434502866,3.191366214328861,-1.735208572065447,0.867732593285669,-2.697714853472593,0
3.3443776117516735,-1.098868452973226,1.1021397645293072,-1.7065585884945593,1.911388871887558,1
-1.9516162928051881,0.665858718260621,0.5799812610713959,0.5085761624350578,1.3308062843420174,0
-0.11126771956252157,1.5015056223192758,1.4608200265842652,2.0641709099584036,2.4401426675908535,0
-1.6783638002425905,2.205622038933677,-1.8926054907979157,0.8196569182773232,-2.5258641315055894,0
1.701965949859737,2.8621392210327063,1.6650004306893478,1.780258080183249,0.39831519320986086,0
-1.5542331913712797,1.1106522853246046,0.3986233444789664,1.5972377135703744,0.8715689077930265,0
-2.3763837275948116,0.19475615608522612,0.63403872747161,0.8320279287675933,1.008527879953945,0
-2.042513905979356,-0.9049656767563963,2.882276367808334,0.506264624929445,2.6541108164898786,0
-2.2175650567751726,1.1814721835333728,-0.544182180258934,0.842011396755949,0.30577864798497456,0
0.8952442828048359,3.5498587170699363,-0.9380418899381238,1.9488453740571878,-1.1754036399839172,0
0.8355133060016409,1.7922618672248571,2.5826734462362206,1.990444710086785,1.8002889441511019,0
-3.3464589443760837,-0.48682547446277935,1.1131631573760217,0.2413494474910235,1.0051977695459968,0
0.8549496814991908,3.1802081142575265,0.18676770642708374,1.9104257063762757,-0.868543896399127,0
-0.9621914398703515,-0.3659341414447821,3.0713699860050805,0.743525887901626,3.656978281372397,0
-1.2935782224898014,1.7193851076765543,-1.3039384419945357,-0.09759707187857591,-2.0257446249115727,0
0.699166278995319,1.9798003105844644,0.7136350822588176,1.2071218648603423,0.5184096923591444,0
3.762498031366008,-0.39849196358084815,0.8894956004368231,-2.5560500782470665,1.6684893381348727,1
-0.05010831626080958,1.9245137045383458,0.9142887454208932,0.8394243424183767,-0.21108806376522282,0
-2.078837583234435,-1.2136033639707708,2.8765645673718625,-0.2550446544581091,2.5326242735624946,0
-1.358398811196467,1.0425244848051465,-0.38128155536088904,0.19364687542010828,-0.2791259405664177,0
-1.6882524885827506,-0.4358648927719728,2.651624551351122,0.7621052864077217,3.0029369343897754,0
1.7188866893674466,-1.266007300736696,1.4519558132343509,-1.5867876189789554,0.8155896214430702,1
-1.8643167680918578,-0.22858813191058247,1.6255595575249129,-0.256571359786252,1.0968572054396726,0
-2.3490584197369495,0.8397597169128039,-1.0827220706922982,1.6226675414718734,1.732549807430638,0
-1.8695554262256184,1.3168107171602976,0.09660169691487241,1.2895552985933572,0.0037009198206968685,0
-0.12820138254721702,1.472961621523923,0.9847474145393317,0.7316451360519365,0.0010667875331047405,0
3.616838394380005,1.098125341926799,0.35210305206976855,-2.367565571154183,0.976851001090505,1
4.291542605062522,1.1252588723863202,0.8957439873718835,-1.4746170630922442,1.447089152920518,1
1.90788235776804,0.8155359863289364,0.679795022864251,-0.9368221102351365,1.749619860601642,1
-1.7360413544929423,0.36859325804422916,0.8386960240660785,0.1572869855011937,0.9335686675620083,0
-0.07734263468726554,0.2405536026216426,3.4034203819414897,0.09196058843508725,2.1688648795962524,0
-0.3956021863047108,3.9589696915692145,1.9094626235301388,0.12178510703244072,-1.001268746090973,1
-0.7006951595752859,0.3818820587785988,1.6004726654229562,0.3649782540991149,1.6955258470729961,0
-0.149326345331812,1.209545825118064,1.9871378549511258,2.031291105810741,2.7955396567364703,0
-2.048145260526957,-0.6108498228704893,2.512120897810372,0.22913363332091363,2.4973977246736716,0
0.20267139399299605,3.7535739862099677,-1.9890373378325386,1.9989444391336613,-2.309240550329914,0
-1.501619008797157,1.0142421006216191,0.5481327278519097,0.7261026756779492,-0.33198134297397797,0
2.1453249329303445,-1.2198223826823114,0.2549234920680141,-1.7002268689183213,1.4282044276746566,1
-1.8215385149254533,0.6820204632569856,0.5698609719628512,0.8664598989258223,1.3657950030292159,0
0.30732632550426,1.380810838334123,0.385744359337281,-1.0397710728567862,0.10438328700101551,1
0.40171181016086144,0.9174721965265924,1.7479336483959231,-0.13716663112082172,1.2028115494653449,1
-1.465596747227707,1.4942096663224713,0.46029126584857993,1.5681636905693734,0.10813989143515268,0
-2.6709248590488457,0.7100950461912379,-0.3290987922999751,1.3496276617007545,1.395743179015845,0
0.5448164164326832,1.466723899916289,1.683482856866525,0.12640207504966983,-0.11890252950691305,0
-0.6800182098636169,1.8948434216616152,1.1143820205147912,0.15579399450505704,0.6725890718782661,1
-0.9130376875169257,-0.020110503034821425,2.552629065236118,1.2516003196940533,3.8896841886673448,0
-2.2396792230621876,0.8699410702819046,-0.7378174239085096,0.3858788778645156,-0.0960215792965955,0
-0.9615589739975225,0.7836596941496503,0.6522990821335563,0.5081858087508924,0.9189704474404645,0
-0.2563200310157695,0.9980327628503577,1.7440756149560341,1.3161752475924495,1.812385650834388,0
0.25168281844263896,0.4703257238350379,2.9471382427694266,1.4914274236600888,3.9785834522443992,0
0.39572427178685365,2.569492147675607,-0.26614630248462934,1.9690614834912576,0.577583712474173,0
-0.13330220637211865,2.7155458510248156,-1.6263085013695626,0.7146892894006168,-2.0277467614900186,0
2.051723315857144,0.013624155432868101,0.447098294658819,-1.4635441683895638,0.7074749141614831,1
-0.4281299659545129,0.5825791261642176,2.9294659493895017,1.3256277451875582,2.55757598328306,0
-0.5474405439390505,-0.08745640917557429,2.5868706924762703,0.6085240157070144,3.0026850900783013,0
-0.8754076427582378,1.4765337260366487,0.5485232021544779,1.3012160950771874,0.4102951249369835,0
-0.827905410866673,1.2315572564167656,0.6426869899382885,1.1017213715941487,0.5408897258442277,0
-0.8014939823891178,0.44677675903296654,2.5972602818196506,0.7979559180137815,2.7710217837967903,0
-0.6874059159403898,1.03930722413891,1.3622645243529865,1.5312442874770655,2.4223856212209998,0
-2.747271643178631,0.26175690425446374,0.16621933085916474,0.4294077986802055,1.0522590339453988,0
-0.9172024693140377,2.8656800406955147,1.4546817375072616,-0.4935444810375281,0.5973880089723113,1
3.9342403868799267,-0.7480390523838707,1.4364115366677028,-2.112471699110414,1.8677340826974123,1
-3.6593926967383106,-0.7975734393163274,0.7844964343771654,0.9206002444405452,2.864678909845641,0
-0.4625894846367561,0.7185984668173226,2.0822419951236837,0.5041096705281842,0.5566448769625565,0
-0.9625516467912524,2.1737125145941008,-1.229892319941937,0.7218295224868652,-1.9476631119698844,0
-1.903269375016419,0.4682639501104461,0.9031803815981791,0.2800889418080481,0.3010958539512094,0
-1.0436159237446028,1.7419747033872652,-0.73227820059687,0.8533768512418431,-0.922563675354992,0
-3.005036784442472,-0.6759431460145398,1.4360891704740135,1.1918479632980739,3.4444020441900727,0
1.7780503278157298,0.961713459523735,0.815035522053106,-1.4537872802811878,-0.32898846666720916,1
1.6867575608792227,2.279117917010206,1.0239184145856823,-0.7959460331325471,0.6728899292377519,1
0.25349636020524624,1.2056307358473832,2.6113491121443078,1.1977184037286257,1.0040812586670829,0
1.0905121929254937,1.4817257080604773,2.5483281191805234,0.8198899109277952,1.2286602344327238,0
0.22009767900140687,2.0371758580565915,0.491153917150166,0.776974915691837,-1.1091890913465257,0
-2.471032379737914,0.3123394566835652,0.14966093040033424,0.4850505655753634,0.9353081807295609,0
1.3314010781553818,0.3718620673284815,1.07473880268939,-1.678099952660952,0.10980867609039968,1
-1.59585702828855,0.8719963632131418,0.47856095962808076,0.2486875836600786,-0.3177080619615875,0
2.6904922940960754,2.6545308167093706,1.996875339090852,-0.19636645214646098,0.2595772936492514,1
0.016214121161880257,1.2269691503764129,2.145327919452646,0.9258809212013617,1.2080220891527038,0
-1.123704990975598,-0.14064787932492573,3.2559468799729654,0.6361959158128061,3.091524094906905,0
-0.5929876551719491,1.8510836852576729,-0.40919394124176534,1.583823021569131,0.3563755743385725,0
1.5196601805461603,2.4748555228350995,2.2158444374181165,-0.6497654953398859,-0.3434970145733882,1
0.44838227456892277,0.20300862079816184,4.343308540726117,0.7660840903968194,2.8833002514682047,0
0.5140887473149764,2.025960298951574,1.2813268221039862,1.462913094566622,1.1247799778627432,0
-0.406586024089,2.335182548337511,0.7546489240609257,-0.2118559427197625,1.6558298792283979,1
-0.9556475121945402,1.3347737757993914,1.156776569065086,0.014883127661077022,-0.17771308474075043,1
0.5866330436995135,0.663857689675406,3.1759324673403118,1.2731151282010351,3.959829889992856,0
-2.0829039938627743,2.393409895021204,1.8412784636848234,0.3532232342539354,-0.21830349524590487,1
2.3019078024406148,0.3380568498302061,1.6585639486324033,-1.7766530106438712,1.4772929059000273,1
1.0000173827395622,1.4967648348649372,0.6397514299944655,-1.8610974691231328,0.7965896965060577,1
1.4864394285910891,2.057686724870739,1.570241208002143,-0.9695100640405757,-0.1858735415296935,1
2.710123706781123,-0.35098871339533844,-0.07180360018146104,-2.4473727890842225,1.0002178172393292,1
-1.138564329560395,1.5230467821043434,-0.3067035038620092,0.879694445391214,-0.15786183081393967,0
0.9391911386995618,-1.13110263040129,1.1562715786765767,-1.6804387303727566,1.6106707243559542,1
-1.3680678402386552,0.45993881571167594,1.3811401423736411,1.2882416089519393,2.8364815094841402,0
-2.2129350727781008,0.6821736323792982,0.0345783220956718,0.7978458657361711,0.35330410193729156,0
-1.7764569115231603,1.366613827554107,-0.2650822723081325,1.5427687765652558,0.5321508792853051,0
-1.9518900277533944,0.6494883470718742,0.04104877803288043,0.5333503033616929,-0.6130342543611773,0
-2.1529230023539148,1.4902466024542584,-0.6185048669969426,0.6719991807136492,-2.0498436704422978,0
-2.2657425658421335,4.850133183788014,1.8511800589575642,-0.4530110945991006,0.6953068047259361,1
-2.1390726799565964,0.3753603598230614,0.9523521909836821,0.7107088709466332,0.8925393469023094,0
-0.03169892167048516,2.669776327386845,-0.47476484545152964,1.2318554042450214,-1.7828558586050112,0
-0.6949940088593742,2.009221918945861,-0.6353698274233974,1.0819444089288979,-0.7749706505320935,0
-1.3361249562352189,0.8844951965716886,1.103642107774989,0.8943986131608596,1.1829735179203509,0
-1.93258808909086,-0.5338459538551372,2.3195760999562696,0.6149789054100258,2.8266633065801754,0
-0.15139981361009403,1.3737604124849483,0.795994828526458,-0.9217924641036749,0.7990878225323044,1
-0.045569976971084336,0.9733632258171426,1.8872018951898122,0.9662438178462057,1.1512697387538022,0
-1.1666070957300245,0.031119963427947872,2.3192161430195837,0.714950081230795,3.102972083331345,0
-2.5303327406639156,-0.5011977324808872,1.4339273798047865,0.38421992481727074,2.679319180264664,0
-1.0836008529569976,2.1674509874883583,-0.8237317301632885,0.9615024128550734,-2.6055331001981363,0
-1.7177128798464962,0.6934087769538232,0.14359697115650338,0.6421224158706992,0.4561426260326952,0
-2.3796135057967938,0.48022872114367554,0.06637269066124607,1.2122362593760034,0.686841209156984,0
0.5075402377827334,1.356589447505219,1.9184765034404805,1.2189561542972471,1.7978832503310995,0
-1.434610217718435,1.0979109488256005,-0.06132484590050735,1.1229912589021973,-0.050377902958766985,0
-3.2790678468757006,-0.34448732245639335,0.31137489592413303,0.6731757529346394,1.6272250191173336,0
-0.6564287599859221,1.531147249881165,0.35853668590687715,0.2550722189213359,-0.6984302503302704,0
0.5841103987417164,2.9892086887124187,-0.8111573087758126,0.4198879002031738,-2.7179583808827106,0
0.8361574235559979,0.8101341490805003,4.0317440724658535,1.9860587170864124,3.8478200420130597,0
1.39696739678125,-2.0912772568201095,0.19524280486852208,-1.0595845934724613,2.0544740129889925,1
-2.5654085259866317,-0.30572694497187136,-0.48811310589018775,-0.7545767463708684,-0.24565943939653856,0
0.8602859598860686,3.2748245722582885,-0.30919121203237654,2.4588772541465524,-0.1605085633369998,0
-1.1528720469093963,-0.264310129856955,2.655876321962319,0.025614416187115574,1.8490281700765432,0
-0.22588442791045293,1.5789892691031273,0.20042996850470396,0.7691603701881262,-0.2503446064594703,0
-1.9372847978291108,0.7425170193167987,0.9031412188666815,1.4802631607621792,1.6199578995739317,0
-1.1896522500461582,-0.016524755455878504,2.402183601336023,0.011026300691781676,1.8127128158792618,0
-0.6674491759017938,0.5567057166124578,1.8902232366698648,-0.40627283799740366,0.4197829323535087,1
-1.0411971690402961,0.3762292965560956,3.3308818927708232,1.845518203514843,3.9696100966603076,0
0.1638351141146689,1.8784872126068992,1.358239690553379,-1.1940034684573229,1.016987290187884,1
-0.2972338184849357,-0.4748885776103411,3.656256642217237,0.5946574587904938,3.990997733896826,0
-0.7835344496977186,1.3235046774924066,0.029869950021133906,0.8549297152209625,0.1532587460922481,0
0.8909124126741956,2.17893840565638,1.2749243356017028,-1.5296414576854276,-1.41107423361019,1
-0.27339810265845566,0.1844358621108816,3.0664323986418984,0.7234068248924616,2.893271265187866,0
-1.424576848062864,0.8101934927909964,1.2553425472465727,1.1214622128303777,1.4984902460116376,0
1.0683884980902612,1.426996607213058,-0.19320528352620214,-1.3565535755822955,0.34943975357726387,1
1.459508974348994,1.961199543419562,2.4607277723311816,1.1186444485153544,0.45532102843061706,0
1.221753311343568,3.465895292943911,-0.371020101446492,1.5379618401055755,-1.4090672102611816,0
-1.1321072184458156,1.2772625095722692,0.31129117838489895,1.3181078180656824,0.8086509206175022,0
0.6141681191211232,0.40345142987178895,0.960158959604986,-0.3019744572762696,1.2097822450463322,1
-0.40647439696678456,1.787966554927602,-0.48391738178164223,0.7339178836068245,-0.311689665229016,0
-1.6324933591935218,1.361803266739469,-0.4736439234819809,1.3067222504770095,0.12104457917602196,0
-1.9109601778217362,0.8702099028581052,-0.20824762499109872,1.0212269904290807,0.4381058604895446,0
-0.8347258295706497,0.42840899056811643,3.2186509966241443,0.9882710960639142,1.5648741223106093,0
-3.356626289099903,-1.2010665994408183,1.387248863103885,-0.31815233447999014,1.1574258231919106,0
-2.3194593909102004,0.13082365664936402,0.573108704454484,1.8774259658434969,3.2904905854942172,0
-0.8604025184832498,1.4677671783832316,0.07216808007107711,0.2800651905780217,-0.5261269925036474,0
-0.4820935181997368,0.7424062703121919,2.957615749114026,1.7777647540747443,3.0185915624492647,0
-1.5358713789735958,-0.942601033444707,3.686216082797946,1.6412976314518954,5.241803196764483,0
-1.6723875264091972,0.9469516954962341,0.06007503109821477,0.5932258983693165,0.33976642209701713,0
1.729431884296422,0.5135618732436826,0.5173357082013539,-1.258814803213372,0.9549970007672197,1
-0.17687488980201982,1.1463986446403962,1.928163088829677,1.2574056512763394,0.42303492294689315,0
0.4370917342876848,1.6013951200254861,0.6605487727595469,0.7239406369411976,1.0253784409397066,0
-2.549498706692665,-0.684950437441928,2.2152533852074106,0.31776200932887166,2.523662100536388,0
-0.21818206736533097,1.7415680313944546,-0.5859646814710691,0.1670464275186878,-0.7996430389289475,0
-1.6750394708698433,0.06135191064513279,0.8046723891100509,-0.6798834448337303,-0.29345394709544115,0
-2.4959732555858145,-0.7239980248781808,1.5412130762529097,0.7279841117722738,2.6190940708291457,0
-0.5641485212517756,1.7058419259666735,-0.10174699874094473,0.4897170837664887,-1.0889658262912336,0
-0.8020248255059479,1.016441151691034,0.5891668061972424,0.8192765602811906,1.2601939222867888,0
0.7011548359705437,2.7854006861584244,0.5284827028225797,2.65943356705408,1.2398832112949882,0
-0.03645762340068126,2.2833160785375064,0.8318121174672979,1.8299399923880455,-0.9297831376960999,0
1.3268692652697875,2.196086733977932,0.268000591322194,-1.0197098657472419,1.6037113739235236,1
-4.868701785673802,-1.5753772839791926,0.060422868452067124,-0.9144499896388771,0.6436070377536773,0
-0.8602807283557504,0.78089556046219,1.122138822968295,1.3804509156875828,2.0178540538735676,0
-0.6540227932022209,1.3269313513433771,-0.012195338888156382,0.47206969725351033,0.3929041724012926,0
-2.0038234089914075,-1.7963693783080141,4.0862095910422465,0.43791251298936906,6.524382502622961,0
3.31112891952983,3.636341932854928,2.4744485305551294,2.7427040098521616,1.257787314944802,0
0.29912571654593223,3.0805532400393374,-0.9867283961325839,1.6879437286128747,-1.034101694114966,0
-0.35071715492490285,1.6383686513980358,-0.17366890050560913,0.9271847912157162,0.5939411346558738,0
-0.07412717529028179,1.0367142998836147,3.398634358197825,1.4793133924015334,2.2193834851996863,0
0.7058730023527975,2.2420802640920394,0.4782236563625808,2.02650479623592,1.9607962536331494,0
0.7212770690418069,1.639670856269674,0.9135241866336204,-0.594397666913183,1.121736520642396,1
-1.3375052204065216,0.9909670075970837,0.41272489069879914,0.3787721625440028,-0.42844678848885653,0
2.434897833868762,-0.1938718754107256,-1.0514843054835517,-1.7551167049325636,1.9632599011052128,1
0.4970481933979395,1.9935263218642647,1.2308180912075661,-1.2525410449321943,0.8426077575314233,1
-0.7258495248758785,0.7589093852260653,2.3244342624649637,1.1185103184359468,2.1966453490616313,0
-0.7556188065461149,0.8154015458851409,1.876405367897886,2.2723245705981725,3.645443373065954,0
1.0188732837225754,3.022929207063712,0.46654855258519723,1.482048783285105,-1.2574317408565747,0
0.30042636060123185,1.7693351368682688,1.9668125387117963,2.283055006369227,2.094834489703891,0
-0.7309187500387444,1.279678374301524,0.34725404168326235,0.41915722668629374,0.0017558701852308234,0
-0.2716595461020105,1.5368319542116473,1.320626486290812,0.6357780834196909,-0.4344570481710144,0
-0.3177201300896063,1.5964906432442976,1.224927988524658,1.757463970866057,1.8205679184507182,0
4.099766674893547,-0.4873155649897174,1.0803082436158833,-2.2480617045745652,1.7144273871293956,1
-0.16087054299325054,1.5233426398769832,1.2400089923267057,1.2665972754184176,1.381850675579276,0
-0.2543660269873973,1.5378679898437797,0.44439547704732774,-0.08146443044829166,2.079416190402524,1
-1.9101423174935868,-1.4234749188256113,3.734367764023121,0.1905227724393046,3.774032911569892,0
-0.9497218358374497,0.527166140384839,2.0356606084287194,0.5667045566684084,0.6763719056924374,0
0.18917431605211865,2.4013508262829855,0.3117366968746864,-1.0164527537193673,-0.28163486712734187,1
-0.7942591521973692,2.039403723081212,-0.6666931279534931,0.4601241555531118,-2.1621408272043103,0
-2.112619604364647,1.4500475965489803,-1.6027423906574958,0.37358341980831067,-2.2076880428737806,0
-0.38808105939650694,0.44197448707874076,3.670451819100538,1.7741676114670435,4.537229059006071,0
-1.762022355262942,0.05332636905870214,2.0883039879065723,1.1272779641332662,2.7774591400139954,0
-1.2673386457008973,1.7120287430704986,-0.6352639810065426,1.039047016180851,-0.3392719672712461,0
-1.0503889858917148,1.7330993817183513,-0.3387952894560977,1.269762578779595,-0.18591224623369085,0
-0.8965568535922583,3.1566285043756395,2.309730506669415,0.3479936802596244,0.28900173589141354,1
-2.0445952029216823,0.7429717737819725,0.09663674802026967,0.9622142291715411,0.5716830145244995,0
0.39484267145157614,0.8901203845419104,2.5538003269668486,-0.6977966617931883,3.1447443515259503,1
0.0026701601764136385,0.6453109198887172,2.6417673186100776,0.4534116863041111,2.174947245574784,0
-0.9221843989421992,1.5425516871406622,2.7424609694908266,0.5605699903512564,-0.787571717405817,1
-0.8195339267036824,1.3589567402585543,1.0529278033268636,1.967556861286242,0.6028173624935445,0
-2.299982269265459,0.10862007682507613,0.26978609328359093,-0.19192733163907683,-0.7687222196976489,0
-0.6562363972179681,1.5948913415163397,1.2367249510695149,1.9922819582179323,2.5416222143729303,0
0.5311714548547641,-0.04396819970865784,-0.6206253751892621,-1.3199495136299833,2.440525798585188,1
1.8049528193038828,-0.8704323198931199,1.4974964468530434,-1.1636675041619633,0.7569104407795652,1
-1.8098485332491832,0.04784099207160608,1.5667514390216626,0.13323574472265087,0.8766357124903854,0
1.7889302011041432,1.51481307369735,1.9465553158027427,-1.0210690290738098,1.6623272695104232,1
-2.558049744138131,0.4603285402733315,0.34503310887623573,1.2951458398054991,0.8972188271823798,0
-1.765862302174281,1.0830358554444994,0.5396071422360644,1.358686355203346,0.023919893178923513,0
-0.2320033754926364,1.7055751915338386,0.25215915356496277,1.1006809044757895,0.3769897256715823,0
-0.5381858945316813,1.1954011930920314,1.4494305853666973,0.7355613781763866,1.0836141376335862,0
5.098296429869792,-0.8898120996589138,0.771972318233177,-2.9125544291006857,2.2517676381424723,1
-2.262374051694654,-0.12308684339306009,0.4457921873039088,-0.495851227168022,0.8215477115463806,0
-0.6566709771603949,1.3786193320136986,0.2026666876946538,0.919154406034419,0.1752394287608311,0
-1.0232341267990293,0.8788603980687696,2.208717833909815,1.4832688539340015,1.826024687561437,0
-0.30051235030707746,1.9835577181693957,-0.06872983499056207,1.023027649132663,-0.19909234097833317,0
-1.6493465022848324,0.6414939892189605,1.1930860004690687,0.8719307179670532,0.90320816488746,0
-2.4863542434276176,1.042744615156214,1.6818775464544247,-0.28110329822686364,1.3309114267469737,1
-0.888039664079684,2.3365751541343123,-2.0932070028693444,0.4037754881446356,-2.674436614565581,0
-0.8864031924380487,1.0393227431813423,-0.19612045465336014,-0.701614666731976,2.4466525166587294,1
-0.21213535652950455,2.5870180973880608,2.3250988871509657,-0.028522128589430595,0.014078579230132782,1
-0.06181469234592529,1.4988314172173762,0.3632633223557168,0.6900657208856276,0.8422405820265493,0
-1.8773806032853542,1.0903131493417375,-1.25798546113825,0.09984384241601396,-0.195977268373976,0
-0.3422619884631203,1.6468565624925537,-0.03341822371923575,0.32936732377252964,-0.5817909576841445,0
-1.3532736137261068,-0.44111149609525335,2.9460665529361205,-0.0015610536016361642,2.1875681281492536,0
-2.5925097721705663,-1.4279383436873734,2.4237014327995396,-0.014325351592951563,4.617222962018091,0
-0.02669224278789062,1.6696009233824625,0.9813885845999663,0.07229618347123612,0.28784819944102447,1
-0.32524133909742303,1.277027563956873,0.9393444179594129,1.00107643763479,0.21845854617510152,0
-1.2115105579011716,0.7731432838693413,1.1280353382856616,0.9719911813491038,1.6599843754048775,0
-1.087620625174064,1.764836826725096,0.17786863686632015,1.553700670678284,0.7606105840215944,0
-1.7982676784446245,-0.11650644183771242,1.993760871606311,1.0447138419644824,3.0359196098255103,0
2.1462073807486783,2.868910532817212,1.214198607204058,1.5241154952040104,0.2209188010888148,0
-2.235666552795251,0.27838450759511846,1.0658279633802807,0.7151073004019334,0.7312485208153647,0
-0.4703962067148443,1.2330238471256674,1.1681344804572769,1.7841275807247765,1.2985772846990251,0
-1.698428762355281,1.8178997666802703,0.3094725948317979,0.2727360505407319,0.32524769144385957,1
-3.623105312771722,-0.8500807432221564,1.6433855253538772,1.227197762620579,3.7594473126632337,0
2.4597108660537823,0.40623698613257697,2.332748806568586,-0.7999252110441128,0.3772211802299148,1
-0.10681743004721078,1.315201565999201,2.193640672097483,1.3230934360513347,0.7153052783296991,1
-3.4091588322630506,-0.7270965269798328,0.7388304198333067,-0.38932072167898757,1.5664147229673184,0
3.56417288586862,-1.4375339985069036,0.10762088083697363,-2.297372364301117,1.5395299842987114,1
-0.8595181193001052,0.5150389612644928,2.6960085226472943,1.4102606206809054,2.29857824868182,0
3.333363472156547,-1.5070476080035107,-0.46957914160760805,-1.9952971133367974,0.25668625912031107,1
-2.3907786561640836,-0.553591323244434,2.057020817696249,0.9313043768029832,2.8952653425865282,0
2.07018923994427,-0.8270406240806814,0.48135780918120585,-1.067863659744956,0.8062560061030152,1
-1.4036557686024302,1.0564753118132775,0.44812837520928395,0.24178170718133696,-0.6421595350335856,0
-0.7003056454431098,2.2934920053968626,-0.2363553794073252,1.6737664630764435,-0.12000009568943892,0
0.10849860005222278,0.16613252651526766,2.976615325051333,0.7734270132601389,3.9804007334599953,0
-0.22909949442334865,0.9918120036536009,1.2964981741412536,1.1392741697508724,2.224087378222479,0
-0.5873010209355438,1.171177258009343,1.4462193732543704,0.8378722604023057,0.8707792983783862,0
-1.8591747145649518,1.1435038758510174,-0.4940636711123061,0.3364016642292075,-0.1819326278626896,0
-2.1755129770790136,0.735160329366167,0.4292744388966727,0.8248235987493124,0.3747160039730911,0
-0.5975699338310363,0.21509475328514216,3.34792687262762,1.878423386784148,4.577314353400679,0
-2.2716185422035178,-0.044564017729282535,1.0907399370516497,0.6164404705464234,1.9948174200996096,0
-0.4025430620816357,1.8336485784756185,0.6604944881547495,1.7549045974655417,0.2798300608191612,0
-2.242729396247379,0.6986892688344883,0.2787939784820236,1.4972937821446193,1.109810933347267,0
-2.031876342580978,0.692858366637354,0.5739749575886453,1.6323995540302276,1.0320448662657968,0
-0.4908233428406976,0.22677428130337574,1.4558368678868714,-1.3411974251065089,1.7617655818273907,1
2.920106247638601,-0.5853656061278896,0.05194651725858157,-1.8717652466619665,1.003276412255988,1
0.5622060865417786,1.4524816469044912,1.275584526689025,-0.6115483746274134,-0.06330646814658247,1
-1.0035475678528842,0.8103277803634595,1.1045631810809153,0.4350708596747668,0.5981319128605121,1
-0.374218787179443,0.9077812888545207,1.6382657775951845,0.46909229439660716,1.134128086745731,0
3.640749028951965,-1.4240019280308762,-1.1119958092763889,-3.138187930603957,2.544732574396524,1
-2.660669178618024,0.7420519469262048,-1.2426781977972494,0.3989245331035213,0.30072629233281967,0
0.05720924054498966,0.8068642307039865,-0.007331700001660613,-0.7504425389540283,0.7021813696175683,1
2.8541587521574474,-1.0379813413031074,0.3750840049369014,-1.2079945222997064,0.41654232512885325,1
0.45037459466400964,4.085595518400565,0.4442902293132375,-0.8838963570076824,1.4066211508093185,1
0.7359220413313606,1.1881606119239752,0.4738158302703971,-0.5803097937544854,1.9114471775042177,1
-0.3202695677918448,1.9575451119208767,-0.42320286901830295,1.4748048226503274,0.8463719998728383,0
-0.9335217112458756,1.4519675918472756,0.33882447915972835,0.40032086991403404,-0.9257885878173928,0
-2.278936355009731,-0.5828249994142907,2.2359562876635577,0.7851120785761141,3.16410554913274,0
1.3499255614612253,-0.054665685372556894,2.1655669967555258,-0.8845462712237926,1.2181402332473612,1
2.193356380986515,-0.8856794162623642,0.3518097206516918,-1.7571818017410588,2.8510292627455747,1
-1.1433855260780947,0.8264011298613592,1.6864197025979721,1.8379778778814835,2.044768342428662,0
0.6772830334580646,-0.7072058217221275,1.0491156690221346,-1.0950805054088912,0.20550712425071938,1
0.5103417840119253,2.6942353659720704,-0.3683447144628631,0.622186539969295,-1.9637708217099599,0
-1.275649269745521,0.8456472035313765,1.8398349952920374,1.9100736183251863,2.033482554748515,0
1.725700568766167,2.1072346118192895,0.03342339530698035,-1.0005001106149551,-0.3147873947862212,1
-0.40846647227362154,1.108788428020296,1.8161222488892483,1.406678907092885,1.8745930043597365,0
-0.781390238959356,0.997265884774769,1.0974017952436166,1.2541949599855913,1.3772851668756072,0
1.1494881254415683,1.4960495664076308,1.9842807194044072,-1.3733229786721444,0.17265944524705878,1
0.4568668459629104,0.9033105927821673,3.895818762647871,1.7003134618889537,3.2894123403450957,0
-2.2178252161412537,-0.7799261328162919,3.265436095683132,0.7416682771813654,2.9698550243099726,0
0.7301850315147476,1.960548655057679,1.1894160830742182,0.9808679320574624,0.2046014702926242,0
-0.2455033602299792,2.9443780102924633,0.8571885900455305,-0.6651911857304622,0.9059238650721998,1
0.9344435390595573,3.690303598759762,1.631245520557349,-0.986499610079495,0.1727254223697846,1
-2.2639720137314967,3.5608102924554865,0.8122764087592422,-0.1505525370669385,-0.25736836864750456,1
-0.45816634773612797,0.47138328774746363,2.171481376962422,0.863294734486556,1.926808952213977,0
0.20555432101718107,1.8304282462545158,1.3443552538850012,1.7129999145374182,1.0512836808970751,0
-3.025382292221875,0.17642676051430417,0.4789190042572564,0.1362679631480317,-0.12786404185579414,0
-0.8309571148391214,1.3866593073858389,1.0178290780571044,1.6589449407118608,1.5321997014857252,0
-0.41635467399906834,1.79474590047366,0.8181767125645697,1.1227685838844652,-0.34070317423765406,0
-2.473776360671922,2.2135775932724466,2.9124168390932814,0.8264747309255709,1.0888001230226285,1
5.165487830574533,-4.616329337723639,0.9562823956013796,-2.2769584854844283,2.7743610159566,1
2.1240455814464796,1.895295992717779,2.231896668012447,1.0310286636054187,1.2989407508278437,0
-2.2388201523383615,-1.1096944745127217,2.8070725063717985,0.5751376781992656,3.08856130249902,0
-0.48869652593167623,2.5329640047630533,0.4085947833390422,-1.196214364308038,-0.007403992760962375,1
-0.7483861522460042,0.6968627913738336,2.5190536502070344,1.0846562216059434,2.1391401189516435,0
-1.8267586640250504,4.707342939494296,2.741814779508094,0.7090157075464607,-0.47638736012999194,1
-1.5720853066424691,1.3152557874008526,0.23833913726591371,1.2456958559188454,0.7698464472754801,0
-2.2345474823754037,0.4260865818848748,0.5425454392940539,0.3520200279967711,0.4574895566559568,0
-2.014225309233413,0.5733799498645167,0.006284410768800264,0.9335479325780174,0.7354221004108029,0
-2.5710242159526997,0.8659974174373919,-0.179735528562166,0.9129775155360027,-0.20321322801137964,1
4.726650758866006,-0.5445853544559143,-1.0360112466182372,-2.4302301118862135,2.045562270208257,1
0.6683744261250508,2.461774923101724,1.0428260199152402,2.076000687364512,0.7892899417146181,0
-0.8462429238368121,1.374508594125507,0.9035719963612818,-0.04211878836927907,1.0996900579459852,1
3.9134124690862757,-2.417306718497269,-0.5435109663689013,-2.458683451215732,0.9306582221021545,1
-3.9762661919321136,-0.3088961211143624,-0.24230816672087285,1.106234131238885,2.2348609790989986,0
-1.3255347400800783,1.1023671889872007,0.3370137619724375,1.3878092670527464,0.7159951632497015,0
0.16045956089760383,1.6215460748731905,0.7745336218441126,0.8797116397283394,0.15498607159500122,0
1.3433458134492586,0.7629415842998533,1.4499434068250716,-1.6005313440676885,1.1771322390206012,1
0.6829107299156705,-0.9221312213932342,0.5862601692992746,-0.8940317488531757,2.665552083011775,1
-2.0787808161661276,4.186580387720151,1.6244049448579148,0.6161131184274431,-0.2595299207813302,1
-0.25039526343481133,0.43268233656129274,2.4029377647700905,0.7886478703899927,2.0731512486283865,0
-1.0094048020194708,1.5088787023050365,0.710480922963237,1.1135926475534428,-1.3331866944665967,0
-0.8612743686473309,1.0330530109797265,1.2639131645607913,2.266123761382047,3.098105017728495,0
-0.3426721124926366,1.7052342746401126,0.5139247914270502,1.5314455111442782,0.8415779020877849,0
1.3839150660386705,0.9115674004969394,0.32618781491824866,-0.6603254012737949,0.04589847876180253,1
-0.3431212240780017,3.403029967718288,-1.8955932389560983,1.4798684337482269,-2.8323854753455726,0
-2.061472995276368,0.8347839991945297,0.6623357520066988,1.451319677457698,0.9442826654137659,0
-0.4214002670328917,2.264964720480722,-1.1338946053731878,0.9720040435873475,-1.2230068225855542,0
-1.269561903758321,-0.2142007158881145,1.85462445274956,0.284443626045948,3.345641438303847,0
-0.23394750410825904,0.0005185633314768179,0.0002920934542314235,-1.2399769645484926,2.334239439336377,1
-1.676567207212663,1.0109215659480906,0.46915456701495084,0.37082967194974903,-0.6850091651654295,0
1.0289173975025556,3.4443517501064917,0.4190682726090521,-1.3066822029162304,-0.24033938296458013,1
-0.6776166659762299,1.6832443755252586,1.626549107401644,-0.7943816121082221,1.466722845926112,1
-2.1342296056793817,1.1949159729883507,-0.4273671052592065,0.8548091389488066,-0.3180684891361354,0
-1.0800317268655568,0.4837468155088499,1.9137978232192774,0.6162878236604814,1.645586839505062,0
-1.3617010452066796,1.2106136912592977,-0.133073013871851,1.0602269906461605,0.30720598884231154,0
-1.9738152228632395,0.08134444866664736,1.363105538352406,1.5500241684656464,2.9940247723912474,0
-1.827645369294404,0.1674099434709051,2.1365019999052772,1.7080984059689772,2.5797521698174095,0
-0.6235210348707398,4.247312531782114,2.596871751107313,-0.3178818375765321,0.04854271512300745,1
-1.6781733240868095,0.5123038854154196,0.39370816964194955,0.04651429501032878,-0.039707352051793876,0
-1.2335070312345056,2.0636382326304537,-0.04127803094473492,-1.0960986833466382,-0.26685669045102944,1
-1.3623335174780695,1.8800433080697174,-0.8325344625634798,1.5017976431475262,-0.804608147185788,0
-0.8892806652209015,1.6329437569535543,0.2442158887276481,1.4036084894882674,0.32674509184781586,0
-0.9030377063160914,0.5537390928321761,1.2061264245467775,0.3075308663556904,1.4774130162456236,0
-1.0559490248072776,0.8697494716722303,1.4238262185148103,1.3865563669521141,1.6610389631314404,0
1.562321093767785,0.25829920690811137,0.7190049710456312,-1.5132566503121838,2.380555247609793,1
-3.2506856401369344,3.5540401018162244,1.3462547799111881,0.5094949105715336,1.0286202303858256,1
0.19242537906899226,0.8238213455910872,2.1150508507748027,0.36394323783408633,2.8920328198332426,1
3.125750768221442,1.308927714528036,1.4479418466564158,-1.7594918214089934,0.4916500067896532,1
-1.5235588640192632,-0.25308446245586547,2.350117991317921,0.33026807811508774,2.289344985647026,1
-2.6469185616740614,-0.12462543587274566,0.17222749543491012,-0.3474530259929367,0.44072055943941657,0
-0.443854194097252,1.7513970350623778,2.069509636947716,-0.15074101284539232,1.7310531746113518,1
1.5944614434683149,1.656227832741792,1.2377278960623086,-0.8739974531644708,0.8808819329094218,0
-2.421305484662663,0.2835042588895209,1.4527969550390345,0.9361822274522995,1.1514451340538825,0
-0.8348540039799519,1.148846332424542,1.6116318277257637,1.4921409517333855,1.5565454999516526,0
-0.029937411653666812,0.7611366832900552,0.9536406721425637,-0.365680501306072,2.0761934256820496,1
-1.753849282787535,1.7685206348465592,-0.8845357081901686,1.5515613761403784,-0.3311250488235089,0
-1.073190055218948,0.4966182891306594,1.6916757767040118,0.1777219727368985,0.3958489134329156,0
-1.1121197628737858,0.9167923419218811,1.5370619054247499,1.0046412739981718,0.2687312047266206,0
-1.5129900963707996,-0.07314682488868285,1.9112995995171396,1.088223498339561,2.9870440976813546,1
-1.1748314015512507,1.975430736668858,-1.7713688246501067,0.2967657175487146,-2.310144711869688,0
-0.39387338477890776,0.5378166019967985,3.044738156017705,1.3877869473132731,2.544671969427023,0
-0.5297397621044864,1.1089364055271833,1.5404916974167424,0.9821748179793346,1.1775440691060124,0
-2.063815063863684,0.8377032385166732,-0.8234689422251789,0.14364491388553013,-0.49227132080933766,0
-0.567721101172498,1.0888629111763677,1.8350639270877402,1.1086750659347713,0.25247179410203735,0
-2.3142129201419825,-0.5528518849723636,1.9515024624502662,1.5319980430455735,4.26906033504352,0
0.7624440269763233,1.0808061055651255,2.069994203327553,0.5863236368813267,0.9177972572972348,0
-0.01935350207193398,1.7284749883159263,1.3136541608930214,1.5787188043795894,0.17987416511436027,0
-1.8444612782841086,0.5193544907269603,1.2968317502778277,0.8906194096224259,-0.011294483101240704,0
-3.6144504956318917,-0.9529779619668923,1.9164841997088389,0.836588183575639,2.8350118929550137,0
-0.6116183146557957,1.1310414208754473,1.6986891790661212,1.6076667549385217,1.9294856540086005,0
-1.0588667664572136,-0.9104535051684737,3.665126632910486,0.6234141905216661,4.136188578231767,0
0.9214776829838729,-1.3957020593634146,0.8165965904581348,-0.9689875843442946,2.813838215726567,1
-0.9062797712370124,1.3958266244198902,0.2839593560140041,0.9734102131759252,0.38811937856241263,1
-1.2122625112519865,0.2233032275947715,1.4782261388218345,1.1472401752838897,3.3223722372975026,0
1.1231947079892444,2.7574456489524155,0.6297452064743996,1.5664812191575865,-0.20078153172843072,0
-1.5976004182632697,0.7865599202621858,0.6341567787111223,1.2543639525176866,0.4003365645272111,0
3.4512872183231464,0.9998931946009423,0.35427358113384155,-2.1748404055851913,1.3259600909043672,1
2.059551338901644,1.554758755586143,1.469590868234678,-1.5610477420180788,1.5532148390922305,1
-1.487732691664812,-0.23795746146318675,2.152609952377435,0.1335080663681324,1.7318353769072488,0
1.4507047564463975,-0.3653876317846998,1.1868966240365346,-0.4843299765521909,2.554748599212802,1
2.1985368317312077,-2.327694743541151,-0.4844992349951054,-1.9733660007298826,2.419407828281392,1
-1.441330682475348,-0.3411451355906199,1.9718234478110044,0.6310099879488373,2.9909442864173172,0
-1.8748615798134538,0.9598296175683392,0.5361237140605077,1.1114269798317225,1.5507399427075774,0
-0.7144410230029037,1.905341344497514,0.4488683492721597,2.169226124445382,1.266704610383996,0
-0.23485531774778923,0.8929126933796157,1.363657341953972,0.07254823405809052,1.0309652601896073,1
0.6609792519498925,1.923187038828842,2.097733445981137,-0.3943083911840809,-0.48009368253400675,1
0.6937276531068268,1.509777131864289,1.4280452281975793,1.3011687175261153,2.21505374975239,0
1.1528703892358816,0.4144523136396303,1.5091574032205668,-0.9599096179555006,-0.8914910229809694,1
-1.7168329877541049,0.8587110737041497,0.8019613032170826,1.9398821962285278,2.1427669138710725,0
1.3357713845319443,1.9037737346650843,1.238340498508578,-1.0185898182148851,1.9363680657211149,1
-1.6171756782329245,1.832206845856667,-1.054294220196212,0.5315072732493704,-1.768120393771829,0
-0.5163583326946022,3.0773168545163623,-2.2494130277639073,1.2328031215836908,-2.763275301841135,0
-1.6402792434427664,2.059235723370853,0.4052464172228788,-0.5856682515361485,0.7527269580016119,1
-0.6344984709819557,0.8159939014296353,-0.16205518118112305,-0.7819250888547633,-0.33874730956858556,1
1.3433209435795677,0.15809700952776307,0.3804666903335383,-1.9046488160939652,4.0085555758797256,1
-1.1768881162492966,0.8051611140578344,1.0903889848788983,0.6080921578734866,0.6596866827373505,0
-0.45548053152628687,2.3114441941831503,1.325215504220553,-0.8701731446549363,-0.46210054865420225,1
-0.8138926775736832,2.322471997049381,-1.7123588600776092,0.19971846794684345,-2.564012794368927,0
0.3169351247263973,2.884396743345572,0.2742862347695846,0.16317013017667814,-0.7343941174083608,1
-1.1578291007021728,1.1857110965529036,-0.07489278184128456,-0.045363542197727647,-1.7975168389814202,0
-0.44819377008118755,1.4043878137815926,0.9327875391509697,0.7677416189631774,0.8272616249193496,0
0.17281154566524215,1.0832631201528982,3.0958466443207677,1.8596682407111607,2.512487960252702,0
-1.3220317763870515,0.5596382120584604,1.773801115918713,1.7970891185621722,2.7259170162525184,0
1.2760898003515506,-0.83468453393879,1.3761535088697312,-0.47097116028845665,1.0585150600503044,1
1.6365744730851077,2.0087879138678195,-0.19622736307989652,-2.6169835798750256,0.8889482864480052,1
1.1364200655996735,0.11837530461213841,1.2961802748872373,-0.9407167331824869,1.2130309706668554,1
-1.3379396711414173,0.32148402757260386,1.5186655367319455,1.5334240050821708,3.4813013815849976,0
-1.016463688227445,0.2970318211320655,2.4603768417006524,1.8347418970913247,2.817765381128374,0
0.14760786058429476,1.5815170390208761,0.654239234040743,1.0865872003668495,0.6111843482729585,0
-1.6272169753498265,0.7884285295697171,0.7068562259456345,0.7230300227464665,1.6600359291004065,0
0.605051588771724,2.8037036947089486,-0.3642896013795238,1.4045613610219914,-0.9471818114677655,0
1.354400869470891,-0.35703770981960337,1.2141506045452553,-1.604308192370105,1.7444716621992384,1
-0.42633921695235455,0.8146465360963356,1.8709151900802008,0.14788824391663413,0.48660586844211695,0
3.728013355568318,-0.9577010925319991,1.1898978980019002,-1.654740725988074,1.4461100654885573,1
-4.30668067777669,-2.362143430169351,2.612922966933608,-0.29447229481372705,3.6379801575571915,0
-1.7382846234814524,0.029331293256284474,0.8175713212093294,0.5304344494230582,2.233810663210085,0
-1.661853284549398,1.1220475907780023,0.4247366979590034,0.8473248160647783,0.41893543651362286,0
0.15537653700797738,2.3489557936213057,-0.509746694554366,0.9119015875910065,-1.1270165705780695,0
-3.621313741208615,-0.8418798853057026,0.1299744652932021,0.09298149825807955,1.4762731293824607,0
0.7606227224705776,1.023972069493357,1.087258876488518,-1.3245446412998403,1.8744229936181922,1
1.2472046784576958,1.9241886776585997,2.8212828023060714,1.8190791385503178,1.639731646958878,0
-1.341126705785359,1.4581690334337103,-0.7294279652966749,0.4663115279140899,-0.47712829485165154,0
0.0018850548839044468,0.8945533164425834,2.93207015768872,1.560386981133954,2.425422106417469,0
-0.6434491944610052,1.1224129759358725,2.1202610721715436,2.1219329757056293,2.121286485252188,0
1.363670682136199,2.88397710570076,1.0983494754774865,2.0783573896667153,-0.19481861885758978,0
-0.8074444033694562,0.37893954044017497,1.6647710079961922,0.7116627911307981,0.9936936571123997,1
1.0979754152491594,1.5513249418013269,0.6370384262767611,-1.2329379177145448,0.9479055707188793,1
-3.052865328773101,0.39298200380282855,-0.6388461639675309,0.26316550085171064,0.2773662092810413,0
-0.8941464809270183,0.7611381284980173,0.9208250933239869,0.38400781881894264,0.05101425932654846,0
-2.59600596917158,0.03906134408847306,0.24950234765078938,0.7471998977020158,0.9590515969631375,0
-1.2009426762527737,1.0510344106729517,0.6826062061317464,-0.15747927069129375,-1.4332423594694448,0
-2.4637824854641814,-1.470247394642234,3.0958550061942884,-0.02191738994516612,3.548860211518644,0
0.8793941549860766,1.1359599267775629,-0.600720718817148,-1.9281353366602447,0.9256870453392976,1
-0.2538572776545268,0.009729658896811877,3.2594943818844815,1.5856703011584823,4.512251968924117,0
0.1577122529767212,2.1876301597244803,0.7110098589758739,1.3562486257057955,0.20177908955484603,0
0.24446783519645032,2.134768383678389,2.731257744830403,0.31967993541190953,0.8023486337935578,1
0.48019057993319125,-0.8458078131141091,-0.6027230771473273,-1.0189812129876377,2.795457940933182,1
-1.6134021365054776,-0.08017005334475691,2.7087110112411503,1.1831213894987476,1.7706796965507163,0
0.46778769988970925,0.5149705848208053,4.605668632162393,1.5426836840051352,3.2623577082357027,0
0.15669968324696337,1.0422457979543678,2.5281938618053648,0.3787962487613886,0.880307206647995,0
-1.6083418748459426,2.0469373657591556,-1.4577891280952735,1.1143917296175234,-2.227083597325228,0
-0.995912778611635,-0.9181321707633083,4.837463583658542,1.274648891741128,5.218429814569472,0
-0.33383068990016884,0.6232398281229032,0.8545128557907284,-0.3091631031316747,1.25866641561647,1
-0.6965551653257502,1.4217403376576814,-0.08530412909688012,0.3011654709783642,-0.16074089011574655,0
-1.0663838295420878,-0.07171646184042535,2.6255774701401924,0.7340435982661841,3.5023445903542374,0
-3.7858795095702984,4.318280616171505,1.8790472563265488,0.5273268700693021,0.91507441397058,1
-2.0563570354434013,0.47985085514856496,0.7045043476216724,0.37424442955982506,1.1432900694727812,0
-2.205789565106696,0.35798818054984494,0.5762872136317263,0.5147366154495456,0.9332680450636435,0
-0.4229850947725925,-0.1585667947726448,3.4376432333231115,1.1326725383287257,3.862821890646013,0
0.4959266240208794,-0.16369270798760605,0.4906612465829957,-0.8344429250140191,1.609077744556811,1
-2.4373479703132195,2.019858864105065,-2.5669353474869276,0.8066408173790547,-1.9975997983454268,1
-0.7330651006569375,3.3881815619361806,0.6459741565057021,-0.9406963584016438,0.0744851731343883,1
0.32156832995355944,0.6564501396109288,4.585218205604704,2.431752377494073,4.928960836848006,0
-3.276496761284186,-1.0905773353264117,0.8323596248616959,-0.5541812648249289,1.1884172703637046,0
0.6476894058511453,3.1246079281271757,-0.5637954145298212,1.5113830558900219,-1.6694179770263937,0
1.6959693299897245,-1.493785932576436,-0.3485423106859806,-2.448747797291647,1.2592963740595138,1
1.1022446482591675,1.195447207759403,1.3365877785971452,-1.4628440098243098,0.2232452910368381,1
2.653999075872164,-1.2258282819370265,1.528678351993455,-1.6140787232792284,1.458254099023645,1
1.2822408937234815,1.810260975528233,0.8636092395911594,-0.18466093531266603,0.9680962180390249,1
-0.01356483199923253,2.360461159990309,0.25334176468817193,1.9450009403678927,-0.15282624280982882,0
1.176980243252641,2.4444345704000914,2.3274990415301975,2.641161044816,1.845734997990744,0
-3.052361180065481,-2.5587868751623573,3.843921851170292,0.0833737866498887,6.179968124135284,0
-2.4957333753846056,0.31931533458411976,-0.7092783560961042,-0.508812959908137,-0.3493687750686869,1
-1.1925374173162195,0.722415223086929,0.6835285985552653,0.9508763034162214,2.6072294902017648,0
-0.23261943903208027,1.8891389036015767,0.34227751326450395,1.0467577059853372,1.4338094462588165,0
0.8606738892627162,2.226230569932914,2.4719625872684983,-0.5406143215690756,1.4383329221259964,1
-1.711831821201665,0.3558548405648978,1.5716282173578526,1.171606101327403,1.8342492467978735,0
-0.025837007569462833,2.6121440930010333,-0.6953585022265849,0.5892197445116606,-2.704060901273786,0
-0.2205926536691427,1.6676482042516931,1.1701426114585516,-0.39745634241814765,-1.1366524580554924,1
0.14007777605263705,0.8109850063393983,0.8501881714743347,-0.044965441767362724,-0.9852169012753416,1
3.875620866199269,1.1635528096249919,1.2206848634143481,-1.152484390788561,1.8985866624147993,1
-0.6051789050154328,0.7968406197139991,1.787877256584753,0.3046139156383474,1.4491814361474418,0
-2.263961953807593,1.2561483311971857,-1.1027173712778038,-0.07984219173546414,-1.5641987338380154,0
-2.791434701117709,-0.4396926519783746,1.193768853049701,1.3167503671234537,2.8394963311813095,0
-1.451587294919967,-0.06165685754627881,1.73277955969077,-0.6762459464141812,1.2641338792044294,0
-1.7681795560286013,-0.22888483762284673,2.6288244150551856,1.242495884462358,3.3477504039320793,0
-1.6549446947671431,0.7886759125391559,-0.22254747217673265,0.7640751170946533,0.6204348444345126,0
-1.4508073089561948,-0.1624927474166844,2.438778749857573,0.5149412599004592,2.2572905953372278,0
-2.1178548282582867,-0.04578903526978095,1.1531233488548627,0.6970919389253376,2.2150108196566887,0
-0.257035889474606,3.1286111127241023,-1.3140980858902598,2.1589240752404866,-1.305478382121755,0
-2.2928710955026235,0.3725750684129817,0.12858280259803967,0.9430041750773427,2.1361389062781635,1
-0.7627928962940941,1.42235522669247,0.928699851050647,1.4063668082956495,0.4489495878648294,0
-0.8404413459527912,2.3690555884632927,-1.1248831604763323,1.3649624939064915,-0.7750799578579113,0
-0.8293629850396447,0.5046174018562011,0.7883159049288634,-0.028173858160269294,0.27603850522883966,0
-0.24139996756933346,1.4549749665132992,0.7206891546663768,1.1052497268512742,1.1133381775638342,0
-0.9699745092775801,0.6370162087766952,1.0982192714487546,0.7903744476996806,0.8050664572117224,0
-1.180242112065633,1.3586452740869133,0.8256721555013453,0.731018324340565,-0.05961591261836996,0
-1.5648138926836297,1.0599980219116358,-0.175115505008143,0.5267326384902264,0.9556530471201572,0
0.27828870968082886,2.4201308491357416,0.18394940684086403,1.0930499591885106,-0.7747993812573237,0
-1.3654237021141227,1.4953691450163131,-0.048196201936401284,-1.0322452033572316,1.6382584956094774,1
-1.6299677689819099,-0.21495156064382104,2.8493301611370283,1.9833803465840547,4.9836021625647176,0
-0.5678801003071783,2.6630436511523765,-1.265577171653201,0.8061986335317128,-2.3301330399526403,0
0.4243883689763579,0.34570264816368734,-0.19624004057683253,-1.0626442993079575,2.392671350251226,1
-1.0504506737487302,3.185728404869375,1.9797515830788952,-0.02265299313422553,-0.1417448873680045,1
-2.0078931116189884,0.912630174576186,-0.9610440361823755,0.2957052240750673,0.20915602484962903,0
0.08669440799936434,1.7438016854042733,0.3249839764518674,0.5507634152305034,-0.5140059852391872,0
-1.8856677110054634,0.37872112579597583,0.8823305317982839,0.3004642009514489,0.3802603789558927,0
-1.8829894537301046,0.9666684786680076,-0.1502039886995663,0.053723279259836554,-0.0255538487674416,0
1.7951728270074847,0.08683007291077172,0.06530391420023884,-1.461724504103722,1.263839366916423,1
0.24473950370944353,1.934905884393594,0.29308557147527114,1.6359048253064152,0.8520490842257651,0
1.1591260439959115,3.4978561898973823,0.07814146688878398,2.216078093304826,-1.6459347875745984,0
-1.290364133980959,1.1933516159680482,0.4513401610356014,0.8227747949260776,0.23005115058130732,0
2.708210322325799,1.1264510622669508,1.8835817656707974,-1.3044039857379117,0.7613898817975571,1
0.18464141245395194,0.5877446851221707,-0.46015946369607064,-1.2153848137368692,2.208414357846452,1
1.9160190889196147,-0.766702442839426,0.7742809856965627,-1.4886360080427483,2.6484159330024424,1
-0.508545949434235,1.362500131428197,1.0405982611744489,1.4700588107057924,1.635576561568028,0
-1.3588578298671559,1.4856437210450955,-1.1798494431551068,-0.33231593906752743,-2.27316449750596,0
-0.840524903568634,1.3096968027456264,1.543259481820651,1.6684726814541069,1.1978696847833241,0
-0.4279096724811815,1.4183704692447276,1.1157995908878129,0.517412710128533,0.6694799009113566,0
-0.7734517857274866,1.4935844323024559,0.291333843876561,0.7233993368545463,-1.397447417094201,0
2.257952622483043,0.654031426963091,0.5792047442160576,-1.406209938672895,0.8633458388620092,1
-0.11278020607117445,1.0157503756177348,2.5695600948442294,1.8835000598478817,3.189271307824074,0
-0.9679792211226614,3.296275841660275,1.0836447638817772,0.17187935059945691,0.2444572131040279,1
-0.7466146060131575,1.707963988634932,-0.02643241744128577,1.809899725008759,0.8445021834771833,0
-1.959879632401889,0.6576751471291906,0.3783872346243998,0.8187924800778259,0.2746204129906882,0
0.6541972947778973,0.37078246529340797,1.512166237512951,-1.3600701235590358,2.044321712922251,1
-0.4997942047821805,1.6726035026936295,0.02491524129040068,1.4691829024529637,0.8841137156187654,0
2.3556554110010532,-0.6612706992662432,-0.09109320945209487,-1.675579978102809,1.160668049071558,1
-2.3413790267162256,0.9723548088973786,-0.23130990379195748,0.4645093470133096,-0.46886321528785246,0
0.14680794654349394,1.6508416815208604,1.4856276039052498,1.3387663790493005,1.5314139746721445,0
-3.644479838502931,-0.669033518639434,0.04794637356143583,0.3223084285417219,1.2065565119785084,0
-0.4142968162594669,2.2233738146786397,1.1602360235889466,-0.3670684896593751,0.107390601795888,1
-2.0340346853188445,-1.5941049656897515,3.822237443517005,-0.050575366712496406,4.0166651092180246,0
2.391075174365095,0.18225787076616184,0.9852333587051091,-1.7944503612498135,1.5460074000309798,1
3.558794934415301,0.6848188725210351,0.28293241318942397,-1.985542947881521,-0.25388896629922475,1
-1.6164821988037814,1.6921416977077428,1.3174567767560121,-0.1781334955636077,-0.5333479918852368,1
-1.2213272075551336,1.3506475561692857,0.21221318703067793,0.991526137794754,0.15770059451015062,0
0.2232225887405368,1.6511577497008194,1.771969060849171,1.8916904123328002,0.9786734315249611,0
1.547844324740528,1.3573198445555887,2.952670593294482,-0.8633202795267667,1.428672626473869,1
-0.1580803167558359,1.7854194565460308,0.3034179698492062,1.2457266253876074,-0.12211255963608325,0
-0.8238541666668944,0.9372551503904276,1.6250816327384499,1.200543949057872,1.6114787738217289,0
3.2018672251016826,-2.1216691460696455,0.6421636359417331,-1.7357885642548212,1.4116838467619162,1
-1.4094271176244346,0.8730115943537957,0.8881780988943382,1.5455800220110885,1.8200647155101977,0
-1.6034578594645645,-0.5345302249106494,2.5766644922181903,0.5645296364292738,3.18531899032007,0
-0.43606008426367326,2.3009878550717264,0.2971403357723693,-1.2406068927557066,0.15006941032341026,1
1.698017779951571,1.342328881738284,1.6985016694520514,-0.11567802167435526,0.2586749706007513,1
0.28927614510451827,0.8401841411514006,2.795752348497051,1.8992850725823764,3.6351199851134433,0
2.974980054207097,1.2377326950716339,-0.3703720306676157,-2.0356304768183042,0.7249762383480899,1
-0.8217785476540354,2.4132506077515714,-0.24447726804961367,-1.1279153491930636,1.5522763196387799,1
-0.11258104577888717,2.6829976131485753,-2.058938909969862,0.5621709016027079,-1.6274170084556299,0
1.435685577550726,1.905525542119849,1.2594742220645654,-0.8137872628111904,0.446661836219162,1
-2.58004570762776,0.5082122333106931,0.1652066708645955,0.7288756523157356,-0.3036882140568393,0
1.6893568220231279,2.722831141054214,2.145732707795813,1.6454794875055678,-0.2427151034805577,0
0.4060669429820243,2.3874381081457505,0.5214501678620717,0.7969634803521886,-0.9156463853834134,0
-1.6591334781696683,-0.44270649011911045,2.5774840553252023,-0.07925878944197318,2.530983826570447,0
0.9428069606175306,0.9077752174227067,-0.3704327282047053,-1.3077485795389352,1.1513287964999042,1
-2.073446549497312,3.2125676209297573,2.7267931026569467,0.6443648040349046,1.2469997728617885,1
-4.039286217784724,2.829302082686254,0.5790542770561926,0.5693665239146721,0.15482765397633202,1
-1.0769931100353118,1.077748476404088,0.06591589410654441,-1.1116592440259514,0.08421529936726779,1
-0.5379732557620853,1.6117743896096934,0.8851906552586771,1.8717674012584644,0.601595675943665,0
-0.5674255152656674,1.0997279098928516,0.33679941951281556,1.0985699648569083,1.1857119195284795,0
-1.2395275789755988,2.722126890601305,0.8738579596353441,-0.7787589876710082,1.8011426041874898,1
-0.3166423499978094,0.15653090149655047,2.925237234588025,0.4488953370308233,2.6394902905330713,0
-0.12734756112623868,0.8265143308499996,1.029003414895963,-0.16965408190331588,0.3073906238243985,1
0.2637804047028425,1.507572222949951,1.8626615114681657,0.9553485871315821,0.4491605334454494,0
-1.6626363666610326,1.2666317301271819,-0.07848859420230614,0.7924923890100316,-1.079673520117837,0
-1.2467482761261415,1.9909585820899012,-1.7337349641938204,0.7939652078067352,-0.8757665201882325,0
-1.5851835462369421,2.0837457545206695,-2.5770591941609897,0.5814874837468643,-1.8407563546581023,1
3.996288486134953,1.4406032536043194,0.7261756129120781,-1.9219982483784064,2.094892236101831,1
-1.79874344739853,-0.632958871901907,2.578289525855217,0.83970272329738,3.7898766795360816,0
-1.3620716111166087,1.0163003378593238,0.877294957544811,1.229364923733069,0.834444283642867,0
-2.4971085243855287,-0.8118386179785739,2.6222015565024295,0.9248061583002889,3.4383406323761787,0
1.258626376306808,0.265505412048046,0.7111535649237557,-0.8974013705132267,0.9700092850265978,1
-0.5149209507491584,4.107443991437667,-3.3446498608804704,2.0339584510465634,-3.389262535522695,0
3.9240107044794312,1.2760825421820292,2.1243073066707003,-1.811089518064056,0.29291586379847323,1
-0.6205245958599999,1.0944616287378677,1.7321929992205791,1.0197691521298258,1.3695846720248093,0
-0.611606772989485,2.7157347555861593,-0.9484360632506252,1.644167328088583,-0.498679260746999,0
-1.2254827931046823,0.3528522231136504,0.9653805177586845,-0.40059727129157563,1.1533673603109247,1
-0.7150656917668531,2.666160161550202,-1.8901645680616443,0.763344592208326,-2.6931942661461203,0
-2.9907227262631517,-1.343430177706325,2.981899920975589,0.6220022487804996,4.006541112889234,0
-1.3918053821469194,0.49437455766662286,1.8380590696608705,0.98446411579585,1.3009166683916522,0
0.525041208533112,1.3028666703832434,2.815460981196641,-0.01733821336312724,-1.1211713106519632,1
0.26604039028868776,-0.02634276791460599,0.33217894567649553,-0.6059208324951875,1.0512583723452988,1
-1.5043868766237463,1.042576821869151,0.7466263072474275,2.113355079938515,2.856489895920834,0
-1.1142529014818578,0.7909935199279977,2.0070983297753884,2.2935186550329068,2.9741192071912943,0
-2.3919791961116235,0.8067004447355455,-1.0228971398653668,0.677303505707058,1.051447575439469,0
-1.660938145874949,-0.03926267223511615,0.9430900021818488,0.15621914346424892,1.2554575896728077,0
-2.4254879363503434,0.41458808038191763,-0.030903649026520652,-0.32719950804388476,-0.21103951174108637,0
-1.159810962817787,1.272493070620187,0.04331841944310877,0.3904983857937945,-0.41074010129285843,0
-0.622263290200819,2.0779706219619127,-0.7665701477073346,1.0017891010565607,-0.6398917122997658,0
-0.47451830857460076,0.8201355930252184,1.5671913077059632,0.20659529426237677,1.1143150651131466,0
0.33462935879039546,1.61609291905009,1.375206668525697,1.2210817713940472,0.31978672460305446,0
-0.4623131900539338,0.6050736091169959,2.133013679332019,1.3761729657618735,2.471740051399511,0
-0.7965278526690013,-0.578701583259458,3.3961104808462586,0.8646458788450205,4.12237945442617,0
-0.4175897353532848,0.5480322407493041,2.504969056768815,1.1376076223616365,3.0828430456125115,0
-3.745759270859062,0.01869208636100228,-0.26852205599881285,1.0154736310472876,1.1097785443116752,0
-0.2534985336091662,1.0471168944707259,0.9621295465616091,-0.2701990475808639,0.41619476966001645,1
-0.34863483854653965,2.802420624997988,-0.9855142531176193,1.1640610907979372,-2.9926966461211264,0
-3.3504522189179595,-0.6877106220950626,0.8802742651746891,0.154200689902927,1.9607574146334283,1
0.9438375498678209,2.8880898027408985,0.25341421249744644,1.5117003640479725,-1.059216586357575,0
-2.5454042763449034,0.632261657981495,-0.1432892946163593,0.06068541957368745,-0.7976395217872887,0
-1.7663715818477481,0.35343333359504425,0.899978664599767,0.5256262406113581,2.3309393539314174,0
-0.934499769192674,1.1499040313938498,1.1646212328052021,0.24969568220848104,0.7549864525381963,1
-1.0718502642823333,0.6518250834588084,0.4008126047317929,-0.3172819285835464,-0.6397907235581006,0
-2.9404616194949895,0.1870211369421665,0.22354079069941768,0.7282828100882328,0.7657568645901062,0
3.0732547261808323,1.9392328340026674,0.5050530979014323,-1.3402313375135635,1.6104556263027585,1
-2.2438685409696575,1.60021275413314,-2.173444928986077,0.8605202529861536,-1.6124807461731674,0
-2.362204882647146,0.8392385169447938,-0.26328375992204367,1.0124106532170616,0.8712668540895364,0
-2.143985790371536,-0.20834578510918833,1.3873079468991247,0.6918750277049202,3.065138302068676,0
0.0855059383635488,0.7057374737926637,2.4024209045833236,1.0117661213119395,2.645721569828481,0
1.5422791342513498,3.79375819126148,-1.4553642955423198,1.2734960189507176,-2.22662034140734,0
3.4099791952517666,0.5745500095259217,0.7031137798163305,-1.765507771381758,0.9721993603390489,1
1.8426410221772875,3.0888408831464425,0.8241528660926862,0.9771459022850283,-1.8636486405882997,0
-0.1417310003959381,1.1226826305615072,2.3782158035302516,1.4810587405549078,1.3444443554476353,0
-0.41519362037103136,0.30885347999623347,2.4403957441467146,-0.031977641744754814,1.642232293431951,0
-0.007816344503505657,0.7882450369618503,2.322242753495058,0.9338073229117682,2.4493478011609335,0
2.257988970185349,-0.2659507324000643,0.6981446192448233,-1.485679581752409,1.8057450507672577,1
-1.7409375136691585,0.7626591277043184,1.0600746055173962,1.0414324054322615,-0.47185571563188655,0
-2.1815222920964565,-0.025089026416264426,0.940302906908696,0.502265942726043,1.1413228957301906,1
0.4263720102731161,0.4514698361615639,2.2806068701223996,0.09126276331393246,2.0952509457112978,1
1.1858953733375177,2.438847119440359,1.3795223458456416,1.669454695286111,0.8123855302485701,0
-1.0384941746127863,0.5418399999223584,1.697528902175395,0.3014367211066823,1.0489576137113887,0
0.45716590960950043,1.0306047550109525,2.8729601850545046,1.8524147732828338,2.9986183907313038,0
2.6379167500980447,2.2080655044780126,1.9276242235345882,-1.4047377796370448,-1.2016637735188875,1
-0.4513920278932426,1.4973384921806348,-0.0290201763602822,0.7186811546593221,-0.49259899577879196,0
-2.7481505771177837,-0.41788481829922874,1.2761539954933219,0.8797653356892061,2.064617446550621,0
-1.6636069976445707,-0.17704120149040103,1.5048549553414468,0.20453574538463382,1.6980377899776562,0
-2.1434698462936703,0.4603208340078554,0.1482743321428518,-0.21884176456804627,-1.1268680349857818,0
-3.085622394689694,-0.6956811799413929,1.0846835757936573,0.07521841386045913,1.4999258819227768,0
4.06959793128354,-1.9289139458565967,-1.2891161953099042,-3.3376594154511197,4.205073273650883,1
-0.2832943528947839,1.9229163033297856,-0.13091669599493772,0.8435889910666486,0.1479920024716499,0
-0.9884497858190286,1.5424295587540575,0.8053134166036262,1.2783154794387006,0.29302972741391053,0
-1.8094537016241952,-0.10466093112564923,2.4062425969560532,1.6709131584498131,4.091353265296409,0
1.1039547222050854,-0.16995625369246792,0.3909156673782056,-1.184338191412913,1.790495852783365,1
-1.8098718874122486,0.07691964596840839,0.31361414637197393,-0.12371858876539976,0.9636454337480795,0
-2.6313967406355214,0.25523212530796024,-0.1667445762177715,0.043355277848482254,0.21458649153342824,0
3.3756733127263927,-1.386839545711931,0.7679742667817069,-2.8310965208884658,3.1621535614225946,1
-0.805494818798624,1.0161656698181043,1.2608923425546041,0.8106293122303481,1.1482300521043924,0
-0.8994233681833603,1.4401379839356756,0.45809908887899,1.0073616801450245,0.4783831680034849,0
-2.99844600449866,0.5502183204034898,-0.8423008580606759,0.8875302232912966,0.4290340243326428,0
-1.3441310252798755,0.624927042221729,0.3722247570621142,0.22113780684408701,0.555991011704437,0
-1.4850576898574368,1.3152812000587666,0.14939048975941438,0.7983632152968405,-0.33926256126231324,0
-0.9857174680629359,1.305212940506362,0.6412254938848095,1.4561235949061029,1.267050275429721,0
-1.5901087918535386,-0.13442960150603822,2.7165988168061475,0.8493460761635498,2.7493201234097464,0
-2.2622327257178325,1.2627057666558161,-0.8761902139157116,1.3544855443446424,0.4520910401497604,0
0.8644676607436594,1.0070771943140084,1.9891926423658846,-1.1860598557145907,1.6621676233045708,1
-1.6341069512159418,0.3559714194135334,1.6128616738619859,0.9667623514399293,1.5560378843152844,0
-1.9316178575407374,0.5468097212700971,1.05732164269872,1.770667262357162,1.5139817374640248,0
-2.0638976412689174,0.8039330878972819,0.4378538785518785,0.9832518711048642,0.4315090756623444,0
-2.9096647092350767,-1.6326256003806363,3.2112936266100784,0.688148571328342,4.280992570790071,0
-1.970269325275904,-0.099185386957092,2.0338807765721683,1.0638458892524243,2.4773450204040213,0
-3.043226725927533,0.055351436007177734,-0.5059626254792571,0.34781217577049905,1.071552330202357,1
-1.4392569566151072,0.9779855148453886,0.7877654040308582,0.5878814622784991,-1.7000183833919134,0
-4.416511687740928,-1.796367920031396,1.589974191131918,0.3193197794917,3.3832194187883777,0
-1.1620453130252708,1.8402470572945946,-0.6578495540178042,0.06989909088570956,-1.9732133326454724,0
3.3160787467828596,-2.4025220319866056,0.7223668092593442,-2.0576223916775067,2.8186454553214295,1
-1.1646035229454732,0.2943212234471635,1.9841758746338551,1.8696694257412885,4.12691758687985,0
-0.01257948870246628,0.9804259536011648,3.009857474788436,1.5858564391681496,2.054838756470168,0
-2.3531274811149334,-0.8340646959684441,2.5106588634435734,0.12560609966857428,3.47186798970925,0
-2.335994117839135,2.3339650433907404,-0.07875757959135266,-0.6600878789716529,1.1358758669267064,1
0.28455522589272797,1.6854688606439003,1.6471000433404224,1.872122107764941,0.5925754878714045,0
-1.5451481973703252,0.8573976963774403,0.5892600820793275,1.0784085241602932,0.9195320648814325,0
-1.0037498693765288,1.0472890397735048,0.3068759535034835,0.5828175936461344,0.7969951656701966,0
-2.745868954667272,-0.9994579724094954,1.9940037443507213,0.9244558121102643,3.921497674511425,0
-2.150477507009829,0.1352170421048896,1.2968438709805903,0.7540367391477908,1.820683271450879,0
1.4982139101537093,1.471187645343978,1.9156104310063993,-1.199151483378065,0.800965486105393,0
0.01093995990668084,3.136446282678573,-1.585295576896241,1.019413814660167,-2.02274840713736,0
-0.24146924184170215,1.7130873892277745,1.3920494862171338,-0.6300832607897486,0.2338778718666874,1
-1.9519322259476164,1.4544818264575403,0.060198285304975396,1.2071641668050574,-0.6885022850590055,0
1.7872059725055531,-0.49527071949902535,0.7210629475523526,-1.2917927616565597,1.2994222728539855,1
0.5236201059355756,1.7088816861971927,1.6658230449307518,0.9109537438198275,1.1364160891674888,0
-2.9515925208446965,-0.13628455686589858,0.16353616437004592,0.20422520479792083,0.7326806708876901,0
-0.6460143580360151,2.030256219918415,0.3180863714433615,-0.5078814832384855,1.1424677422096807,1
0.663924965024399,-1.1224942642018712,1.5924994879688714,-0.9905437008940127,3.2489130250139686,1
0.5766473771989988,-0.7516623157276965,0.6744864314335419,-1.9869851792020874,0.28610973486377667,1
-0.3264652328234027,2.674355115418155,-0.6326435511816251,1.5853860020857053,-1.059560989135231,0
1.8281133190950087,3.4489755516452845,0.34093489542039845,1.4358098704907962,-2.354183351261398,0
3.1173670918867944,-2.1850023523821487,0.6332542099887566,-2.996292074751925,1.7553368226986505,1
1.112543444351065,0.9658297078369888,3.937197960145159,1.482464886400006,3.067188966905092,0
-1.169381197427751,0.3814538621435398,1.472391887644657,0.0007743704354001846,0.9543036266317138,0
-1.2586526534397278,1.4647017289347815,-0.18709020827779765,0.7456333629498084,-0.9655211352827038,0
-1.2612085324495927,-0.026968083613580607,2.063331206693829,0.5378096538040016,2.6983056835152937,0
-0.700583400507679,2.484869026104213,1.0268313540420193,-0.3142787183216206,1.276251026622315,1
2.2210954560973644,-1.5861784212904704,-0.09060468052865778,-2.182734176138343,1.8399640378355149,1
-0.5369979283272688,0.5620735158288193,0.4252783973924943,-1.0806134316884228,1.844435600515034,1
-0.5778362247134822,0.8990141254330521,1.6845856604826315,1.6287429641284479,2.906239098392063,0
-1.005670806090443,0.7385613824179824,1.6027631672079858,1.4322144083266217,2.2284280370017004,0
1.9669955166556623,-0.3534661855547303,0.5035375556278028,-1.6900555028666693,2.002898727140572,1
-1.2458586948433439,-0.10659519496268466,2.9223063365791413,1.7593791517379023,4.1786797925842585,0
-2.9620214025632334,-0.1301615386794599,1.1569193109561633,1.4274922957181038,3.1699504639585165,0
-0.5690095031999518,1.3091272060603898,1.0026878731356688,1.0090111952722876,0.5513460166074156,0
1.1166657599467076,1.2799828758257867,0.5582003003636917,-1.0989558955884113,0.635746575472999,1
-2.4259890982180723,0.014734559244033774,0.9804752954646608,0.6118817774887044,0.8907838488555915,0
0.476334236286588,0.37893761800903025,0.14922858052962606,-0.6412065363550039,1.7372416094651357,1
-0.6656987673514393,2.492097827257761,-2.3762218628451506,0.48092178908833905,-2.161628134482387,0
-1.7030642831664364,0.26914137754166245,0.5916433585363248,-0.29834592334994214,-0.12168659962223094,0
-1.0169155694325258,0.7633316573071178,1.1015915386398811,1.1440594947327165,1.137983601265528,0
0.38453468588016815,1.799913279937068,1.2579966401152913,0.8727397418179893,0.9689823268211945,0
-1.9500844224059257,0.5267467908919592,1.3076754794886836,1.2730848525771432,2.267991743088759,0
1.189179268471194,0.4841056020226542,-0.6278117029593933,-1.1416400695742788,1.3946499471384302,1
-1.8892286663155247,-0.40772474382265855,2.151407264412552,0.22277452019660848,2.8221749973981307,0
-1.315698492776416,0.8416078309485862,1.179758642451944,1.5314722564266643,3.323765059744191,0
3.1091306599008224,1.7748972608742473,2.148512852694717,-1.339533058389959,1.1113394429238856,1
2.0426901882290576,1.435502456990125,3.5160932363897133,1.3290249749373173,3.0843503215214048,0
2.0329710608777587,1.4007413273590419,0.5237381852293117,-1.6663569936040266,-0.5328059189852119,1
4.752915060056136,-0.14881965998491942,1.7345050018991053,-1.9959272343264098,2.6118788291991786,1
1.914308418147034,2.3835724911537217,2.3521560936699557,1.9118391320058927,0.8997024844827389,0
-1.4924392276214087,0.6500057550801103,0.9160403112940967,1.0928419845921173,1.1481779192319017,0
-3.7020329840005264,-0.9904216187286061,0.39521989192290286,-0.49131328399730423,1.4706138691828987,0
-1.5985659477149827,0.7092839857385991,0.7429579052743358,0.5850974128324218,1.3388845224180024,0
2.7269388042015184,-1.1588291097055468,0.560622071985556,-0.983867765077298,1.7785310865145325,1
-0.653025007118236,0.7258387741872128,2.521598968526386,0.7407184313263063,1.067605950192843,0
0.3219999827332054,1.4209124213352988,1.7522657619041588,1.1909519903790224,1.8790234127512004,0
-1.7489064698762133,0.9255442572043413,-0.41678272592616583,0.5332745960011934,-0.335962237657464,0
1.623815071014915,-0.09078415697412257,0.1464861891594672,-1.9140096755171343,3.294342805272797,1
-1.4242195749400564,0.41720376760752786,2.1255219262732985,1.3394368339242497,2.578669118874638,0
-2.2697653694073097,1.4447193099366096,-0.18768693927547586,1.8561362644578483,0.09367978038684344,0
4.144953805845577,-0.16089941188953927,0.5145784781087781,-2.053674305215862,0.053523846849706125,1
1.5084790731670976,2.3229633163324253,1.237150523088545,-0.6056024931650633,1.3064315037820444,1
4.890651219080892,-1.9993981088588582,1.8735879071408337,-2.4489407886660635,0.880237633669838,1
3.937188737932303,0.21656215135417345,0.7497141201693616,-1.623909496510675,-0.20108686815668153,1
2.5825617506353384,3.0376802633847046,2.7425554933756935,2.3359379087310392,1.3367213389912487,0
-4.258034389016135,-1.973811735325536,1.8212718235371406,-0.5488800499220152,3.020043091893289,0
-1.8093462227668424,1.7988829249599287,-0.6560259704505857,1.5026869283492674,-0.0025553320435338645,0
0.12403763503194509,-0.058230438895919834,0.8669177800998606,-0.8470204411205305,1.3009722901229537,0
-1.9784532120456544,-0.8465289861445227,2.8567940046220768,0.9939367258257711,4.022248545834543,0
1.4350226390626486,1.7998628130885348,1.2573478169606174,-0.9857700628637741,0.38028994059115684,1
-0.8177655502705867,1.0715048601162318,-0.1740498750242272,-0.7445812931219089,2.570558958210702,1
-1.8497486739243394,1.7152705881237806,0.37244066119916863,-0.06226070850551069,1.5888831901435023,1
-1.5090316433039632,2.2640515869850892,0.8906467405284418,-0.6187480658737485,0.14392362569451955,1
-2.3362681387722692,0.7567530535788768,-0.8533422403460444,0.5749054154326694,-0.2212317638161041,0
-0.24751029455612206,1.4506403661975407,0.6200382869459058,1.281030081121705,1.4022257562737321,0
-0.9760579019697686,1.441270363831111,0.3343036028056269,1.5586249094782727,0.8479616229659581,0
0.8533919186086069,1.16263228884868,0.5431223081393376,-1.2372517732581167,0.4731546992755641,1
1.0781526847663292,2.75056403562778,0.43255694887972984,1.4843383174499845,-0.744248300086455,0
-0.13241906960228944,1.1365231196024626,2.0935780307390335,0.6575928713679788,1.7164147051592078,0
-1.1203231895021752,1.040816756264046,0.5546654791959841,1.074510805066391,1.8290639360795378,0
-1.0767773763865292,1.288729160505888,0.6855131657070057,0.2747757546398686,-0.7773123761905303,0
0.29491629167617917,1.7890145400673096,1.3554871999944342,1.573599460003724,1.109978369752755,0
-0.05895065241422137,1.707948875804731,0.545156985318078,-1.1383958505728302,0.8884915052869939,1
-0.4174610829958758,1.3155011572037525,0.5031336900124679,-0.21742857830443074,-0.8396143930636302,0
-1.657056820590394,0.8797758796108692,-0.05252923053326097,0.7126721828857718,0.043563073975891764,0
-0.6263555174324847,0.7834365823193566,2.556969828434128,1.6296468538846338,2.776283681287569,0
0.38277340992267883,1.1073955911124664,1.2772722292591951,-0.4288349221955612,-0.9279816077298106,1
0.1252454023474563,2.2531131340832014,-0.38074286654273437,-0.3006378116889292,-2.9845862842217397,0
-2.2987977959813435,0.33395832681704984,0.17821401630480582,0.38514676534392933,0.041452694565914716,0
-1.1877446609290443,1.6283073161253048,-1.0097235141888299,0.6717991683675961,-1.768582684698384,0
0.18260272664327082,0.7084367711645103,2.688717463218654,0.8582724878092075,1.3252592438995359,0
-1.0076953196420608,1.634075039374126,-0.04221073525332297,1.7547476854226214,1.3796194329619365,0
-0.865661974708683,0.933856449980851,0.7567653564444176,0.4285214126812338,0.8175550607468464,0
-1.0234870383117027,0.4188287568953317,1.095041243684764,0.10410167374503299,0.6754703041106661,0
2.1094806255630862,0.05287107661286328,1.757174674794593,-1.3023999472757586,1.37368271108638,1
0.3050575483558867,3.414839582377595,2.669853897630794,0.6809477073343833,-1.322940230789563,1
-0.2742294186565152,0.4495606878457007,3.3987936582136222,0.9731265888945682,1.5978480895608398,0
1.557012791102896,2.274342371172281,1.8232345881998664,1.5078411638527305,0.16197398395929452,0
1.6047283647164814,0.8810054928148952,0.3161972418030373,-0.9905581772841383,1.7766702620832087,1
0.5916671513232645,2.0703235888133316,1.4645869727156522,1.4976151224245935,0.43877996216159443,0
0.4610532098195663,2.329580360541881,1.5428899522278672,2.664648649438,1.5294779292570433,0
-0.6395924006977304,0.6264588164939069,1.865673322686523,1.4048765952736866,2.9191616936310716,0
-1.1039186706193223,0.13352568907905105,2.4572361329891828,1.5965895528046117,3.7318273556187984,0
0.2666285699462583,1.9557807454654288,1.4340794750695418,1.3023513303519394,-0.289963459402357,0
-2.3463106337401975,1.0676686336865502,-1.1713276677831708,-0.10749582932899426,-1.2134803865740666,0
-0.4837592271670027,2.07001740145215,-0.3596838537092151,0.9458819124888648,-0.9731821580004418,0
-0.14507379788110153,2.758992291321613,0.19497709104098593,2.3540856344468644,0.07789082614879017,0
-0.4608680235021989,3.6798968714677924,2.848350210936834,0.24841968316517637,-0.1268710052539208,1
-1.7609332104007525,0.13486430223630053,0.9503335133942935,0.3554125833793864,2.2948557418083606,0
-3.300389390276594,-1.4630685960652556,2.8452004233853305,0.6219252742134398,3.427843100992059,0
-1.3539195121770837,0.14959268479511745,2.675915902847908,0.9445644710015062,2.199696486729811,0
0.16297928212363266,2.7646534575460024,-0.1686294069760701,1.7160631740128256,-0.979592470854316,0
1.1421444492638861,-0.20838435609628503,-0.20903208259348638,-1.5788889277731162,1.3990335379472265,1
-0.7898346108186147,2.2520699300038345,2.8755752649188153,0.9367603605352028,0.5223560447763771,1
-0.1368442725539144,1.542385451879153,1.903749281370823,1.694214263303318,1.9271681245400962,0
-0.5440028958433836,0.36550482800743245,2.881849133289527,2.1634566296516367,4.397117592707804,0
2.341926856078014,0.7049523720344921,0.11791838217081296,-1.6810556752281567,1.0610217620217586,1
-0.7653067847316807,0.9519847101559996,1.1654440205078125,1.0779409309698855,1.0781192737721976,0
-2.1311693346830562,0.8377581459647314,0.3774192337481562,0.8030877618249112,-0.05090577513809236,0
0.9570992098331866,-0.2679925835813812,0.48054928574451894,-0.8820053425143746,1.4810532374965408,1
-0.036985428584307645,1.2057923307824971,1.4759637054970343,0.4266866594450899,0.01772647770798641,0
-1.3438189814192563,0.8455983255498338,1.8769921166025938,1.1435679727596608,0.607687629071016,0
1.3394193378463108,1.7674236279853939,2.59890684035246,1.2011659795358256,1.635205149230528,0
1.8076891419278875,0.1002007828911321,2.1307237144799185,-1.6706969915334127,2.133585128662984,1
-0.7951888780161607,2.8047959631718875,-1.5933402767249039,1.501753636950292,-1.7305401967007663,0
-1.317973269590835,1.497502706416761,-0.0077706263491477134,0.45749702497310973,-1.062667581776564,0
-0.36118871300209543,2.5567793571746344,0.4787104606764653,-0.5403745895577041,1.1018668317103342,1
-2.7530246392952717,-0.9412971275938296,2.2620356605317524,0.28317884887320044,2.3069896941013743,0
-0.9952730380524435,0.9681523822571352,1.562872416533033,1.3912358396065119,1.5834067227508521,0
4.61043363271376,-0.6171318085182536,1.049996190076066,-2.264667504181619,2.44508575898769,1
1.9383146361761892,-0.06210258010672676,1.00512009747889,-1.8373431625700931,0.8975549501639731,1
-1.1470554924586829,2.6412015757765284,-0.6104204258949577,1.9003550027556737,-1.5555761513313668,0
1.6278789431747491,1.4520974184908204,0.9104528300925961,-0.8383793079328002,1.5652210334381889,1
-1.108222691205197,1.695728945320626,-0.031392526057121284,1.5435440704504408,0.42056850443557103,0
-0.4474492588783824,2.9359660020861265,-1.6020146635774535,1.3319124068151829,-2.5619333690704447,0
-1.554445420410162,0.16466178168112322,2.4644369072266716,2.431215366178421,3.655873832905338,0
-0.5537644087910023,0.9914756449677796,1.6072726679591254,1.198034547165307,2.1021763636537405,0
-1.1772185729835822,0.2960548285674106,2.460533440473654,1.9678429447791084,4.241927816903644,0
-0.2993058288388113,0.8732446889736027,2.2177062669262586,1.4840288016291092,2.1963800458578535,0
-1.2905442325394363,0.4300566864366788,1.5695161150349837,1.1409896319201893,1.9029455436208123,0
1.7826435725596959,-1.17243792725445,-0.7907748044658869,-2.544845618730003,1.0908463842102536,1
-0.061399845289933586,2.583121439385044,2.3488855279661296,-0.35729180281169337,1.476613717656206,1
-3.695663816110661,-1.8725913127525295,1.7976856591753227,-0.23670419498898765,2.7943337733384492,0
-1.252587537000601,1.2357145849889717,0.062423553788426456,0.24724623124368017,-0.7942521236184279,0
-1.1725819888570035,0.16063568660779692,2.64352395343037,1.7640681093034782,3.250192022426332,0
-1.2951366998916647,1.0988875903903816,0.2564604746395027,0.06455439867649948,-0.5582236849225912,0
-1.9283027381780382,0.5076748849322609,0.16822595293374976,0.650458783815073,1.4640637842975408,0
3.9284726877338447,1.1419881489996127,2.009128556852197,-1.837874300371,0.2002334551702296,1
-0.7813399903038962,1.1980294357031458,1.4568059529581974,1.3516816581287725,1.4555727207238225,0
1.9104824374847358,-1.2407206982212347,-0.7208780489361954,-2.014775438978481,2.6026628095609867,1
0.2550235541356112,2.297644978880907,0.9118089085709514,1.4965435354499865,-0.4152278455033631,0
1.1819016995683693,1.4745954939391057,1.1010695060200146,-0.9550812756081802,0.9796082348200268,1
-1.220626036251179,0.3350646661826958,1.6370020135498424,0.8983661306693798,2.0846554799560613,0
0.19687369906747365,1.6890910468574272,0.13294244404978406,-0.35306562221497195,0.21459299467126547,1
-1.1081705093089915,1.909130601183128,-0.8403642388542727,0.8472139650387482,-1.0357007954061928,0
-0.7376404774464893,1.753862817129373,0.31748127994314124,1.311593767004679,-0.27877796487481765,0
-1.4179126065545504,1.217376352576837,-0.13823034190924233,0.7423951208046302,0.5144055140959172,0
0.6148535595921469,2.146768353976431,0.8479081632249303,1.6154681849035337,0.6323051596641756,0
-1.5413662952148315,1.0819874605420656,0.4462367328256943,1.1478653405502883,1.1447068758973815,0
2.424511129913647,-0.1638432981349085,-0.6439623628751079,-2.397849787579612,1.3242431268920911,1
-3.4264411137006974,-0.4847408552059358,0.4348353920653043,0.42594595947668923,2.1214755069916613,0
0.5167173960267899,1.1222982870765583,2.2959958773315665,0.723260200221526,1.7983839818718945,0
-1.713477242705233,0.10078553697638182,1.077165927853782,-0.4617820114176061,-0.13346280867270566,0
3.1964049375531256,-2.287284695496163,-0.7601230179456706,-2.423882814203605,3.172369849360146,1
1.3490689550231616,1.2296458437186666,1.3894715825969448,-1.6156938675995391,0.9590836438860624,1
-2.33003222059127,-0.22657110409169579,0.11349312171320036,-0.14403685227846608,0.4671612094848737,0
0.24514473898551403,1.9927376257933571,0.583474698563575,-0.7160763875500964,0.9913602788414523,1
-0.7375302427834316,1.8581445178291394,1.010306083749783,0.10635901053411434,0.273956651659365,1
0.8974374366927877,1.7213386351963016,2.7164192932368447,1.8600460215239658,1.415941008172584,0
0.3456431095525474,2.44736068141344,0.7046457296938383,2.190484683140876,0.9527725082556102,0
0.47138541333426964,2.5105469107375322,0.9390789330765785,1.8223342595610044,0.2146076581338976,0
-1.5171134252154,-1.2535837870522135,4.493121549153288,0.9824088981528653,5.608411850136866,0
0.6652039882953968,1.1739903051649763,1.3379789879349135,-0.5521490703962869,1.489019903266488,1
-3.040378119874826,0.4776010631750016,-0.09936566140946179,1.3663090413742633,2.0242400277085792,0
-1.7096394145024905,-0.3648481951183655,2.5428004432698414,1.388990318377597,3.923133803216119,0
3.313301037290637,-0.19021299049503315,0.17061742585938566,-2.0728546993563475,0.8003788858797147,1
2.890049755907161,1.235947010763033,1.2723520540662097,-2.0674995533098963,1.686063444937398,1
0.1524995947835346,0.4726070432985151,2.8257706575980213,1.175047271730347,3.773146675538504,0
-2.4579933835327528,0.29986601334700613,0.48865037280637624,0.5341756012982057,1.386999435947315,0
-1.2016409736689797,0.2554779318660878,1.5747619794457286,0.7107498436784248,2.2283773645362794,0
0.3790797126847836,1.6087355409192134,1.1745838331451788,0.939711826547891,1.0156021706574172,0
-1.6121109659651212,2.047661775172344,-2.092992841786753,0.7579030767944004,-2.127429184343494,0
0.41448580526773404,0.9124639020497194,3.747259697874647,2.0232005708771146,2.857559017209598,0
-0.37050312502905103,1.0680278669765646,1.8673334849986905,0.5663504347840895,1.0512223681841535,0
-1.854756883683657,1.131278145496418,-0.8310856322370246,0.42352839401818687,-0.8529899275816395,0
-2.173845598435145,0.6460853607622102,0.011864590216369097,0.725049940299656,0.8237783493336484,0
0.15499208657928454,2.973837699431588,1.028002868275307,-1.033921983272104,1.2960303677047798,1
-1.0659283239842967,0.46925371467012733,1.9460159031055906,0.8223054544469554,1.37608626670358,0
-0.17481537929178315,1.3636531549494708,1.397042713048661,1.2309667897022307,1.097662045215939,0
0.12548708134686493,2.6549138954813465,-0.6722041262578209,0.7621089058800801,-1.88160955518343,0
0.5800120160007023,2.8152020306017898,-1.0144291711735174,0.9406566030123575,-1.4965053906064192,0
-0.9477494532548988,0.8427379097525092,1.0294262816463315,0.6540185922317747,1.5177657985525692,0
-1.9545665392467506,1.3991691386310354,-0.5626113340696408,0.3895333555437057,-1.9025072197378279,0
1.4423766230734645,-1.485001964889514,-0.8541577984935536,-1.7340246195660445,2.267273089910952,0
-0.40312888689384274,1.926469653813055,-0.9968653884940315,0.06336171312136418,-1.0800249239575708,0
-0.8778345786915029,0.40774620049860455,1.8243792656843705,0.06053267473796464,0.7920276624172544,0
0.22374122266841523,1.022263319549782,1.7216067264747574,0.6997359529247097,1.4373274119342578,0
2.7562099736227275,-0.5993155322960724,0.5065252804060161,-2.339960947910493,1.981996973618379,1
1.8402653180974275,2.1187619331135177,1.5510946986048721,-0.3248499343725313,-0.029403355360437367,1
-1.2735547316472662,3.019682866921477,0.8360332351421218,-0.248429544900161,0.8063073340550753,1
1.5504723982701667,0.6274138964702736,0.9804081369743973,-1.4329493493815433,0.9802749127072281,1
-1.7565412008949834,0.14485301460816624,1.3274951766689436,0.38602495940177095,2.0488099417505423,0
1.8850954318253739,2.0845732364965635,3.0688737322704442,1.1306725129085586,0.5897262561936818,0
4.351806754515297,-0.8738898520956873,1.0985070833276611,-1.2767582807118039,0.6999549066180715,1
-0.7140952794711157,1.6272613223645815,0.05795483083295938,0.059570421013919184,0.9858518245835698,1
3.2052072146455934,-0.2734473619061424,1.1565289487020856,-1.8500353594265726,1.0424848990378401,1
0.47317656805937314,2.289993512056332,0.582608915043678,1.8037125227147917,0.9775502100761564,0
-0.5909586293473541,1.4367374744142614,0.9750096418742659,0.9997051542915274,0.20547871249264715,0
-2.647659490509212,0.5500547079999887,0.6126675360424512,1.7015363381607682,1.647798298654348,0
0.17511121647755723,0.3293798070037953,2.664219887377378,0.8042955894721195,3.47313368811749,0
-1.0867942757309974,1.342075444621965,0.41056774513745553,1.0068510735965914,-0.09577430987375046,0
-1.5154614337087982,1.5866390018879484,0.1022852031979139,1.1574503636396547,-0.4950512345526732,0
-1.2866372416879348,1.8934539943984634,1.6447518599130404,0.18026196686034335,-0.19530392573286148,1
-1.1487433700816814,-0.017217566486744662,2.5604758494394817,1.051310981487338,2.5338976617248727,0
-1.0490155119627524,1.6247022719456363,0.5223366008335953,0.9081732587977492,-1.0718643512570845,0
-1.3216299946312122,0.1498333183993492,2.966169689857768,0.9980639319358585,2.229405832272679,0
